Drug1,Drug2,Simcomp_Score,,,
C00397,C00397,1,,,
C00397,C01918,0.782946,,,
C00397,C06820,0.759259,,,
C00397,C06838,0.337386,,,
C00397,C06912,0.337386,,,
C00397,C15643,0.272016,,,
C00397,C06914,0.270492,,,
C00397,C06573,0.268844,,,
C00397,C06689,0.190083,,,
C00397,C08092,0.154639,,,
C00397,D02222,0.148148,,,
C00397,D03895,0.147541,,,
C00397,D07908,0.129032,,,
C00397,C06662,0.126437,,,
C00397,C06665,0.124744,,,
C00397,C06973,0.107544,,,
C00397,C01675,0.080074,,,
C00397,C15820,0.076672,,,
C00397,C07661,0.07563,,,
C00397,C08146,0.075269,,,
C00397,C07663,0.073718,,,
C00397,C07225,0.071975,,,
C00397,C12013,0.062194,,,
C00397,C12012,0.061828,,,
C00397,C07770,0.05042,,,
C00397,C05551,0.047957,,,
C00397,C06574,0.04712,,,
C00397,C06895,0.04712,,,
C00397,C06827,0.046312,,,
C00397,C07139,0.046312,,,
C00397,C08110,0.045531,,,
C00397,C07321,0.044776,,,
C00397,C07660,0.044776,,,
C00397,C07771,0.044776,,,
C00397,C08114,0.044046,,,
C00397,C06894,0.043339,,,
C00397,C07203,0.043084,,,
C00397,C06880,0.042654,,,
C00397,C06881,0.042654,,,
C00397,C06885,0.042654,,,
C00397,C06923,0.042654,,,
C00397,C08111,0.040724,,,
C00397,C06683,0.038407,,,
C00397,C14034,0.038407,,,
C00397,C06889,0.037868,,,
C00397,C06883,0.034048,,,
C00397,C05349,0.028668,,,
C00397,C13768,0.016791,,,
C01675,C01675,1,,,
C01675,D07908,0.428571,,,
C01675,C07139,0.321244,,,
C01675,C06665,0.285714,,,
C01675,C06574,0.262626,,,
C01675,C06827,0.256158,,,
C01675,D03895,0.255924,,,
C01675,C06881,0.241685,,,
C01675,C06914,0.238095,,,
C01675,C06889,0.226054,,,
C01675,C06683,0.22093,,,
C01675,C06880,0.214751,,,
C01675,C05551,0.212871,,,
C01675,C06883,0.20603,,,
C01675,C12012,0.197917,,,
C01675,D02222,0.192661,,,
C01675,C07321,0.191011,,,
C01675,C07660,0.191011,,,
C01675,C06894,0.190476,,,
C01675,C08110,0.181818,,,
C01675,C06923,0.181435,,,
C01675,C08114,0.173913,,,
C01675,C06895,0.173709,,,
C01675,C06662,0.171171,,,
C01675,C06885,0.166667,,,
C01675,C06573,0.159236,,,
C01675,C14034,0.158088,,,
C01675,C08111,0.156863,,,
C01675,C08092,0.155779,,,
C01675,C07770,0.142857,,,
C01675,C05349,0.14094,,,
C01675,C07661,0.136842,,,
C01675,C12013,0.126984,,,
C01675,C07663,0.12426,,,
C01675,C07771,0.119221,,,
C01675,C06689,0.111111,,,
C01675,C06820,0.107383,,,
C01675,C15643,0.097804,,,
C01675,C07225,0.088929,,,
C01675,C06688,0.088861,,,
C01675,C15820,0.086376,,,
C01675,C01918,0.084559,,,
C01675,C06973,0.082569,,,
C01675,C00397,0.080074,,,
C01675,C08146,0.079914,,,
C01675,C06912,0.078838,,,
C01675,C13768,0.076048,,,
C01675,C06838,0.052632,,,
C01675,C07203,0.028571,,,
C01918,C01918,1,,,
C01918,C00397,0.782946,,,
C01918,C06820,0.607516,,,
C01918,C06838,0.332335,,,
C01918,C06912,0.318519,,,
C01918,C06914,0.262525,,,
C01918,C15643,0.206581,,,
C01918,C06973,0.200686,,,
C01918,C07770,0.177829,,,
C01918,C07225,0.169687,,,
C01918,C14034,0.169036,,,
C01918,C12012,0.162791,,,
C01918,C07771,0.156187,,,
C01918,C08092,0.151515,,,
C01918,C06689,0.146245,,,
C01918,C06573,0.143498,,,
C01918,C08111,0.127214,,,
C01918,C06662,0.123596,,,
C01918,C06665,0.122244,,,
C01918,C05551,0.102941,,,
C01918,C06574,0.101083,,,
C01918,C06827,0.099291,,,
C01918,C07139,0.099291,,,
C01918,C06883,0.093544,,,
C01918,C15820,0.092851,,,
C01918,C07321,0.09215,,,
C01918,C07660,0.09215,,,
C01918,C06923,0.091205,,,
C01918,C07663,0.089744,,,
C01918,C08146,0.085409,,,
C01918,C01675,0.084559,,,
C01918,D02222,0.078767,,,
C01918,D03895,0.077441,,,
C01918,C06895,0.075838,,,
C01918,C08110,0.073254,,,
C01918,C08114,0.07084,,,
C01918,C06894,0.069692,,,
C01918,D07908,0.069277,,,
C01918,C06880,0.068581,,,
C01918,C06881,0.068581,,,
C01918,C06885,0.068581,,,
C01918,C06683,0.061693,,,
C01918,C06889,0.06082,,,
C01918,C07661,0.055195,,,
C01918,C06688,0.048128,,,
C01918,C05349,0.045531,,,
C01918,C12013,0.02961,,,
C01918,C13768,0.012015,,,
C01965,C01965,1,,,
C01965,C07315,0.273885,,,
C01965,C08114,0.256039,,,
C01965,C07661,0.253012,,,
C01965,D00322,0.239892,,,
C01965,C07663,0.235955,,,
C01965,C05349,0.225,,,
C01965,C07321,0.220096,,,
C01965,C07660,0.220096,,,
C01965,C05551,0.189873,,,
C01965,C06574,0.182266,,,
C01965,C06895,0.182266,,,
C01965,C06923,0.176471,,,
C01965,C07203,0.16041,,,
C01965,C08146,0.140143,,,
C01965,C14034,0.13806,,,
C01965,C12012,0.137521,,,
C01965,C06973,0.135458,,,
C01965,C06894,0.134904,,,
C01965,C06885,0.134454,,,
C01965,C06912,0.129272,,,
C01965,C08111,0.126482,,,
C01965,C06683,0.125461,,,
C01965,C07225,0.124031,,,
C01965,C08110,0.121076,,,
C01965,C15820,0.116279,,,
C01965,C06689,0.112985,,,
C01965,C06838,0.111111,,,
C01965,C06881,0.111111,,,
C01965,C06827,0.108597,,,
C01965,C07139,0.103604,,,
C01965,D07908,0.102662,,,
C01965,C06889,0.095406,,,
C01965,C06688,0.095361,,,
C01965,C06883,0.086957,,,
C01965,C07268,0.086957,,,
C01965,C06880,0.08,,,
C01965,C12013,0.06626,,,
C01965,C07771,0.045131,,,
C05349,C05349,1,,,
C05349,C07661,0.887417,,,
C05349,C07321,0.848185,,,
C05349,C07660,0.848185,,,
C05349,C07663,0.704545,,,
C05349,C08146,0.402116,,,
C05349,D00322,0.262376,,,
C05349,C12012,0.260946,,,
C05349,C01965,0.25964,,,
C05349,C14034,0.259542,,,
C05349,C06688,0.237964,,,
C05349,C07771,0.221945,,,
C05349,C07139,0.218962,,,
C05349,C05551,0.212121,,,
C05349,C08111,0.210938,,,
C05349,C06574,0.207289,,,
C05349,C06895,0.207289,,,
C05349,C06827,0.2,,,
C05349,C06923,0.196755,,,
C05349,C07268,0.184211,,,
C05349,C06683,0.182796,,,
C05349,C06883,0.181102,,,
C05349,C07225,0.175373,,,
C05349,C06665,0.173594,,,
C05349,C06662,0.173184,,,
C05349,D07908,0.173184,,,
C05349,C07770,0.168478,,,
C05349,C08110,0.165254,,,
C05349,C07203,0.164179,,,
C05349,C06894,0.16,,,
C05349,C08114,0.158537,,,
C05349,C06881,0.152344,,,
C05349,C06885,0.152344,,,
C05349,C06838,0.142454,,,
C05349,C07315,0.142132,,,
C05349,C01675,0.14094,,,
C05349,C06880,0.134615,,,
C05349,C06889,0.131757,,,
C05349,D02222,0.129363,,,
C05349,D03895,0.126761,,,
C05349,C15820,0.1121,,,
C05349,C06973,0.101243,,,
C05349,C06689,0.093376,,,
C05349,C12013,0.079672,,,
C05349,C06914,0.067961,,,
C05349,C06573,0.059752,,,
C05349,C08092,0.058315,,,
C05349,C15643,0.048825,,,
C05349,C01918,0.045531,,,
C05349,C00397,0.028668,,,
C05349,C06820,0.02526,,,
C05349,C06912,0.021438,,,
C05551,C05551,1,,,
C05551,C06574,0.954023,,,
C05551,C06895,0.847826,,,
C05551,C06827,0.843972,,,
C05551,C07139,0.727575,,,
C05551,C06923,0.711712,,,
C05551,C14034,0.636829,,,
C05551,C06894,0.564246,,,
C05551,C08110,0.518625,,,
C05551,C07770,0.512915,,,
C05551,C08114,0.494565,,,
C05551,C06885,0.469072,,,
C05551,C06883,0.465863,,,
C05551,C07771,0.459627,,,
C05551,D07908,0.45933,,,
C05551,D02222,0.456044,,,
C05551,C06889,0.450893,,,
C05551,C08111,0.435407,,,
C05551,C06881,0.428571,,,
C05551,C06880,0.403941,,,
C05551,C06683,0.39738,,,
C05551,C06662,0.355932,,,
C05551,C06665,0.32948,,,
C05551,C06973,0.324503,,,
C05551,C07225,0.30064,,,
C05551,C08146,0.281407,,,
C05551,D03895,0.267606,,,
C05551,C07663,0.2527,,,
C05551,C07268,0.239193,,,
C05551,C01675,0.237374,,,
C05551,C05349,0.212121,,,
C05551,C12012,0.211073,,,
C05551,C07321,0.2,,,
C05551,C07660,0.2,,,
C05551,C07661,0.195652,,,
C05551,C01965,0.189873,,,
C05551,C08092,0.183879,,,
C05551,C15643,0.174004,,,
C05551,C15820,0.169202,,,
C05551,C06914,0.162281,,,
C05551,C07315,0.15903,,,
C05551,C06688,0.145833,,,
C05551,C06689,0.140203,,,
C05551,D00322,0.134259,,,
C05551,C12013,0.133122,,,
C05551,C06820,0.122278,,,
C05551,C01918,0.102941,,,
C05551,C06573,0.088757,,,
C05551,C06912,0.079235,,,
C05551,C06838,0.076294,,,
C05551,C13768,0.058228,,,
C05551,C00397,0.047957,,,
C05551,C07203,0.027778,,,
C06573,C06573,1,,,
C06573,C06820,0.355721,,,
C06573,C06688,0.273262,,,
C06573,C00397,0.267252,,,
C06573,C06838,0.21608,,,
C06573,C15643,0.211372,,,
C06573,C06912,0.202783,,,
C06573,C08092,0.199461,,,
C06573,C07225,0.199069,,,
C06573,C06973,0.194379,,,
C06573,C06914,0.19197,,,
C06573,C12012,0.158221,,,
C06573,C06689,0.153846,,,
C06573,D03895,0.148325,,,
C06573,D02222,0.147343,,,
C06573,C01918,0.143498,,,
C06573,C12013,0.139163,,,
C06573,C01675,0.138924,,,
C06573,C06662,0.138889,,,
C06573,C15820,0.136364,,,
C06573,D07908,0.134361,,,
C06573,C06665,0.129653,,,
C06573,C06885,0.113611,,,
C06573,C06894,0.103604,,,
C06573,C07770,0.097884,,,
C06573,C07139,0.096849,,,
C06573,C05551,0.088757,,,
C06573,C06574,0.087719,,,
C06573,C06827,0.086705,,,
C06573,C06923,0.081967,,,
C06573,C13768,0.080499,,,
C06573,C14034,0.076142,,,
C06573,C07771,0.068427,,,
C06573,C07661,0.061269,,,
C06573,C07663,0.051525,,,
C06573,C08146,0.048478,,,
C06573,C05349,0.043285,,,
C06573,C06895,0.042601,,,
C06573,C07321,0.042345,,,
C06573,C07660,0.042345,,,
C06573,C08110,0.041667,,,
C06573,C08114,0.040773,,,
C06573,C06880,0.039916,,,
C06573,C06881,0.039916,,,
C06573,C08111,0.038697,,,
C06573,C06683,0.037182,,,
C06573,C06889,0.036822,,,
C06573,C06883,0.034173,,,
C06573,C07203,0.012821,,,
C06574,C06574,1,,,
C06574,C06827,0.95572,,,
C06574,C05551,0.954023,,,
C06574,C06895,0.890909,,,
C06574,C07139,0.709677,,,
C06574,C06923,0.690962,,,
C06574,C14034,0.662404,,,
C06574,C06894,0.583333,,,
C06574,C08110,0.538462,,,
C06574,C08114,0.513514,,,
C06574,C07770,0.494662,,,
C06574,C06885,0.487179,,,
C06574,C06883,0.485944,,,
C06574,D07908,0.479714,,,
C06574,D02222,0.47541,,,
C06574,C06889,0.466667,,,
C06574,C08111,0.452381,,,
C06574,C06881,0.446384,,,
C06574,C07771,0.445783,,,
C06574,C06880,0.418093,,,
C06574,C06683,0.413043,,,
C06574,C06662,0.344262,,,
C06574,C06665,0.320225,,,
C06574,C06973,0.317495,,,
C06574,C07225,0.294363,,,
C06574,C01675,0.28866,,,
C06574,C08146,0.27451,,,
C06574,D03895,0.261468,,,
C06574,C07663,0.247357,,,
C06574,C07268,0.232493,,,
C06574,C15643,0.228448,,,
C06574,C12012,0.224138,,,
C06574,C05349,0.207289,,,
C06574,C07321,0.195652,,,
C06574,C07660,0.195652,,,
C06574,C07661,0.191489,,,
C06574,C01965,0.182266,,,
C06574,C08092,0.179361,,,
C06574,C15820,0.177588,,,
C06574,C06914,0.158798,,,
C06574,C07315,0.154856,,,
C06574,C12013,0.151079,,,
C06574,C06689,0.148649,,,
C06574,C06688,0.143959,,,
C06574,D00322,0.131222,,,
C06574,C06820,0.122112,,,
C06574,C01918,0.101083,,,
C06574,C06573,0.087719,,,
C06574,C06912,0.078167,,,
C06574,C06838,0.075269,,,
C06574,C13768,0.05,,,
C06574,C00397,0.04712,,,
C06574,C07203,0.027027,,,
C06662,C06662,1,,,
C06662,C07770,0.519608,,,
C06662,C07771,0.401515,,,
C06662,C08110,0.365079,,,
C06662,C05551,0.355932,,,
C06662,C06574,0.344262,,,
C06662,C06895,0.344262,,,
C06662,C06827,0.333333,,,
C06662,C07139,0.333333,,,
C06662,C06665,0.323529,,,
C06662,C08114,0.304348,,,
C06662,C06894,0.295775,,,
C06662,C06880,0.287671,,,
C06662,C06881,0.287671,,,
C06662,C06885,0.287671,,,
C06662,C06923,0.287671,,,
C06662,C08111,0.265823,,,
C06662,D02222,0.25731,,,
C06662,D03895,0.25,,,
C06662,C06683,0.241379,,,
C06662,C14034,0.241379,,,
C06662,C06889,0.235955,,,
C06662,C00397,0.234257,,,
C06662,C07321,0.21547,,,
C06662,C07660,0.21547,,,
C06662,C01675,0.214953,,,
C06662,C07661,0.209677,,,
C06662,D07908,0.208531,,,
C06662,C06883,0.2,,,
C06662,C06820,0.194969,,,
C06662,C06973,0.193317,,,
C06662,C15643,0.18863,,,
C06662,C07225,0.167048,,,
C06662,C07268,0.157895,,,
C06662,C06838,0.142384,,,
C06662,C05349,0.141304,,,
C06662,C06573,0.138889,,,
C06662,C12012,0.13852,,,
C06662,C08092,0.12462,,,
C06662,C07663,0.121495,,,
C06662,C06912,0.116505,,,
C06662,C08146,0.111111,,,
C06662,C01918,0.096491,,,
C06662,C06914,0.094148,,,
C06662,C06689,0.082251,,,
C06662,C15820,0.079274,,,
C06662,C06688,0.071429,,,
C06662,C07203,0.071429,,,
C06662,C12013,0.043137,,,
C06665,C06665,1,,,
C06665,D02222,0.655405,,,
C06665,D03895,0.552795,,,
C06665,D07908,0.515957,,,
C06665,C07770,0.345455,,,
C06665,C05551,0.32948,,,
C06665,C06662,0.323529,,,
C06665,C06574,0.320225,,,
C06665,C06827,0.311475,,,
C06665,C07139,0.311475,,,
C06665,C06895,0.305556,,,
C06665,C06880,0.292683,,,
C06665,C08110,0.289474,,,
C06665,C01675,0.285714,,,
C06665,C07771,0.283582,,,
C06665,C08114,0.275,,,
C06665,C06923,0.274038,,,
C06665,C06894,0.268293,,,
C06665,C06881,0.261905,,,
C06665,C06885,0.261905,,,
C06665,C06683,0.25,,,
C06665,C08111,0.244444,,,
C06665,C14034,0.234568,,,
C06665,C06889,0.22,,,
C06665,C06883,0.210526,,,
C06665,C08146,0.192893,,,
C06665,C12012,0.178571,,,
C06665,C08092,0.174863,,,
C06665,C05349,0.173594,,,
C06665,C06914,0.172249,,,
C06665,C07225,0.168033,,,
C06665,C06820,0.166667,,,
C06665,C15643,0.165919,,,
C06665,C07321,0.165501,,,
C06665,C07660,0.165501,,,
C06665,C07661,0.161731,,,
C06665,C07663,0.158798,,,
C06665,C06973,0.142857,,,
C06665,C06573,0.128205,,,
C06665,C00397,0.124744,,,
C06665,C01918,0.122244,,,
C06665,C07203,0.118644,,,
C06665,C07268,0.104816,,,
C06665,C06688,0.099476,,,
C06665,C12013,0.091909,,,
C06665,C06838,0.090116,,,
C06665,C15820,0.084777,,,
C06665,C06912,0.080692,,,
C06665,C06689,0.076417,,,
C06665,C13768,0.051821,,,
C06683,C06683,1,,,
C06683,C08114,0.682927,,,
C06683,C08110,0.662531,,,
C06683,C06885,0.651163,,,
C06683,C06881,0.639723,,,
C06683,C08111,0.608696,,,
C06683,C06889,0.545988,,,
C06683,C06880,0.49789,,,
C06683,C06894,0.489362,,,
C06683,C06895,0.460674,,,
C06683,C07139,0.437908,,,
C06683,C06883,0.414634,,,
C06683,C06574,0.413043,,,
C06683,C06827,0.404255,,,
C06683,C05551,0.39738,,,
C06683,C06923,0.370656,,,
C06683,D02222,0.337325,,,
C06683,C14034,0.322034,,,
C06683,C07770,0.288056,,,
C06683,D07908,0.260504,,,
C06683,C07771,0.255144,,,
C06683,C06665,0.25,,,
C06683,C06662,0.241379,,,
C06683,C07663,0.239243,,,
C06683,C01675,0.22093,,,
C06683,C07225,0.205788,,,
C06683,C12012,0.205165,,,
C06683,C05349,0.2,,,
C06683,C08092,0.193738,,,
C06683,D03895,0.190893,,,
C06683,C08146,0.179673,,,
C06683,C07661,0.177474,,,
C06683,C06973,0.174603,,,
C06683,C15820,0.161017,,,
C06683,C07268,0.158537,,,
C06683,C06914,0.141397,,,
C06683,C15643,0.132686,,,
C06683,C01965,0.125461,,,
C06683,C12013,0.117438,,,
C06683,C07321,0.114754,,,
C06683,C07660,0.114754,,,
C06683,C07203,0.101512,,,
C06683,C06688,0.099138,,,
C06683,C06820,0.097561,,,
C06683,C06689,0.097202,,,
C06683,C06838,0.095406,,,
C06683,C01918,0.061693,,,
C06683,D00322,0.060606,,,
C06683,C13768,0.056371,,,
C06683,C07315,0.055556,,,
C06683,C06912,0.044944,,,
C06683,C00397,0.038407,,,
C06683,C06573,0.037182,,,
C06688,C06688,1,,,
C06688,D07908,0.304348,,,
C06688,C06573,0.285856,,,
C06688,C06973,0.25,,,
C06688,C07225,0.245283,,,
C06688,C07321,0.233244,,,
C06688,C07660,0.233244,,,
C06688,C08092,0.214286,,,
C06688,C07661,0.214099,,,
C06688,C06894,0.209781,,,
C06688,D02222,0.206897,,,
C06688,C14034,0.194379,,,
C06688,C06885,0.193467,,,
C06688,C12012,0.192053,,,
C06688,C05349,0.17801,,,
C06688,C07663,0.176471,,,
C06688,C15643,0.175,,,
C06688,C06914,0.174194,,,
C06688,C06883,0.168421,,,
C06688,C08146,0.163399,,,
C06688,C01965,0.159618,,,
C06688,C12013,0.155811,,,
C06688,C06923,0.150121,,,
C06688,C06827,0.147959,,,
C06688,C05551,0.145833,,,
C06688,C06574,0.143959,,,
C06688,C08111,0.139535,,,
C06688,C07268,0.132867,,,
C06688,C08114,0.132765,,,
C06688,C06895,0.129442,,,
C06688,C06689,0.127036,,,
C06688,C06820,0.124197,,,
C06688,D03895,0.117861,,,
C06688,C06665,0.115538,,,
C06688,C06683,0.108696,,,
C06688,C06912,0.099624,,,
C06688,C07139,0.097561,,,
C06688,C15820,0.09673,,,
C06688,D00322,0.090226,,,
C06688,C01675,0.088861,,,
C06688,C08110,0.085919,,,
C06688,C06838,0.084337,,,
C06688,C06881,0.082005,,,
C06688,C06889,0.075157,,,
C06688,C06662,0.072902,,,
C06688,C06880,0.072235,,,
C06688,C13768,0.062366,,,
C06688,C07315,0.061599,,,
C06688,C01918,0.048128,,,
C06688,C07770,0.047745,,,
C06688,C07771,0.044226,,,
C06688,C07203,0.013514,,,
C06689,C06689,1,,,
C06689,C15820,0.460674,,,
C06689,C12013,0.293984,,,
C06689,C06820,0.252059,,,
C06689,C06838,0.248097,,,
C06689,C06883,0.210728,,,
C06689,C06912,0.208548,,,
C06689,C00397,0.199001,,,
C06689,C14034,0.194868,,,
C06689,C06923,0.187291,,,
C06689,C06973,0.175994,,,
C06689,C06827,0.175966,,,
C06689,C12012,0.163664,,,
C06689,C06889,0.153846,,,
C06689,C06573,0.153094,,,
C06689,C06895,0.151566,,,
C06689,C07663,0.151369,,,
C06689,C06914,0.150959,,,
C06689,C06574,0.148649,,,
C06689,C07661,0.147541,,,
C06689,C01918,0.146245,,,
C06689,C05551,0.140203,,,
C06689,D07908,0.139735,,,
C06689,C07139,0.136929,,,
C06689,C06894,0.134352,,,
C06689,C07225,0.131783,,,
C06689,C06688,0.124837,,,
C06689,C06881,0.12253,,,
C06689,C06683,0.121988,,,
C06689,C01965,0.120543,,,
C06689,C08110,0.116505,,,
C06689,C15643,0.115506,,,
C06689,D02222,0.113801,,,
C06689,C06880,0.113725,,,
C06689,C08146,0.109299,,,
C06689,C08114,0.107595,,,
C06689,C01675,0.107438,,,
C06689,C06885,0.105919,,,
C06689,D03895,0.104928,,,
C06689,C08111,0.103501,,,
C06689,C05349,0.093376,,,
C06689,C07321,0.091909,,,
C06689,C07660,0.091909,,,
C06689,C08092,0.090909,,,
C06689,C06662,0.082251,,,
C06689,C07315,0.081995,,,
C06689,C06665,0.076417,,,
C06689,C07268,0.072925,,,
C06689,C07771,0.071429,,,
C06689,C13768,0.067926,,,
C06689,C07770,0.06599,,,
C06689,D00322,0.055118,,,
C06689,C07203,0.024349,,,
C06820,C06820,1,,,
C06820,C00397,0.759259,,,
C06820,C01918,0.607516,,,
C06820,C06573,0.342365,,,
C06820,C06914,0.310861,,,
C06820,C06838,0.302578,,,
C06820,C06912,0.302578,,,
C06820,C06689,0.252059,,,
C06820,D02222,0.238938,,,
C06820,C06665,0.206897,,,
C06820,C15643,0.198686,,,
C06820,D07908,0.196319,,,
C06820,C08092,0.196262,,,
C06820,C06973,0.152695,,,
C06820,D03895,0.147011,,,
C06820,C07225,0.132075,,,
C06820,C06688,0.124197,,,
C06820,C05551,0.122278,,,
C06820,C06574,0.122112,,,
C06820,C06895,0.122112,,,
C06820,C06827,0.12013,,,
C06820,C08110,0.11465,,,
C06820,C08114,0.111111,,,
C06820,C06923,0.109445,,,
C06820,C06894,0.109422,,,
C06820,C12012,0.10828,,,
C06820,C06881,0.107784,,,
C06820,C06885,0.107784,,,
C06820,C06662,0.106796,,,
C06820,C07321,0.105919,,,
C06820,C07660,0.105919,,,
C06820,C07139,0.105769,,,
C06820,C01675,0.103679,,,
C06820,C08111,0.103152,,,
C06820,C14034,0.100543,,,
C06820,C06683,0.097561,,,
C06820,C06889,0.096257,,,
C06820,C12013,0.092896,,,
C06820,C06883,0.089588,,,
C06820,C06880,0.083455,,,
C06820,C07663,0.077586,,,
C06820,C08146,0.075949,,,
C06820,C13768,0.069569,,,
C06820,C07770,0.043165,,,
C06820,C07771,0.038961,,,
C06820,C07203,0.036468,,,
C06820,C15820,0.033973,,,
C06820,C05349,0.02526,,,
C06820,C07661,0.024182,,,
C06827,C06827,1,,,
C06827,C06574,0.95572,,,
C06827,C06895,0.853147,,,
C06827,C05551,0.843972,,,
C06827,C07139,0.6875,,,
C06827,C14034,0.641791,,,
C06827,C06894,0.60221,,,
C06827,C06923,0.586022,,,
C06827,C08110,0.523546,,,
C06827,C06883,0.509054,,,
C06827,C08114,0.5,,,
C06827,C06889,0.485588,,,
C06827,C07770,0.477663,,,
C06827,C06885,0.475,,,
C06827,C06881,0.471322,,,
C06827,D07908,0.465116,,,
C06827,D02222,0.462766,,,
C06827,C08111,0.44186,,,
C06827,C07771,0.432749,,,
C06827,C06880,0.408115,,,
C06827,C06683,0.404255,,,
C06827,C06973,0.336207,,,
C06827,C06662,0.333333,,,
C06827,C07225,0.317992,,,
C06827,C06665,0.311475,,,
C06827,C01675,0.281407,,,
C06827,C08146,0.270983,,,
C06827,C07268,0.260504,,,
C06827,D03895,0.255605,,,
C06827,C15643,0.223629,,,
C06827,C15820,0.220703,,,
C06827,D00322,0.220096,,,
C06827,C07663,0.219512,,,
C06827,C12012,0.202003,,,
C06827,C05349,0.2,,,
C06827,C06689,0.175966,,,
C06827,C08092,0.17506,,,
C06827,C06914,0.155462,,,
C06827,C07315,0.153846,,,
C06827,C06688,0.147959,,,
C06827,C12013,0.132812,,,
C06827,C06820,0.12013,,,
C06827,C07321,0.111111,,,
C06827,C07660,0.111111,,,
C06827,C07661,0.108949,,,
C06827,C01965,0.108597,,,
C06827,C01918,0.099291,,,
C06827,C06573,0.086705,,,
C06827,C06912,0.077128,,,
C06827,C06838,0.074271,,,
C06827,C13768,0.049751,,,
C06827,C00397,0.046312,,,
C06827,C07203,0.026316,,,
C06838,C06838,1,,,
C06838,C06912,0.884817,,,
C06838,C01918,0.332335,,,
C06838,C00397,0.323308,,,
C06838,C06820,0.322314,,,
C06838,C15643,0.24269,,,
C06838,C06689,0.213916,,,
C06838,C06973,0.212534,,,
C06838,C06573,0.212425,,,
C06838,C07663,0.206657,,,
C06838,C06914,0.200586,,,
C06838,C07661,0.183099,,,
C06838,D02222,0.181556,,,
C06838,C01675,0.176471,,,
C06838,C07225,0.16129,,,
C06838,C08092,0.155015,,,
C06838,D03895,0.151179,,,
C06838,C12012,0.144509,,,
C06838,C08146,0.142857,,,
C06838,C05349,0.129707,,,
C06838,C15820,0.116006,,,
C06838,C06662,0.112903,,,
C06838,D07908,0.101591,,,
C06838,C07770,0.098901,,,
C06838,C06894,0.092545,,,
C06838,C08114,0.092328,,,
C06838,C08110,0.091877,,,
C06838,C06885,0.091371,,,
C06838,C07771,0.088825,,,
C06838,C06665,0.088534,,,
C06838,C08111,0.08802,,,
C06838,C06881,0.087231,,,
C06838,C01965,0.085714,,,
C06838,C06688,0.084337,,,
C06838,C06895,0.084011,,,
C06838,C06683,0.083916,,,
C06838,C06880,0.077694,,,
C06838,C05551,0.076294,,,
C06838,C06883,0.075949,,,
C06838,C06574,0.075269,,,
C06838,C07321,0.07513,,,
C06838,C07660,0.07513,,,
C06838,C06827,0.074271,,,
C06838,C07139,0.074271,,,
C06838,C06889,0.070615,,,
C06838,C06923,0.069652,,,
C06838,C14034,0.066514,,,
C06838,C07268,0.037464,,,
C06838,C12013,0.021985,,,
C06880,C06880,1,,,
C06880,C08110,0.550388,,,
C06880,C08114,0.530864,,,
C06880,C06885,0.505882,,,
C06880,C06881,0.498829,,,
C06880,C06683,0.49789,,,
C06880,C08111,0.472527,,,
C06880,C06895,0.472081,,,
C06880,C06889,0.425743,,,
C06880,C06883,0.420959,,,
C06880,C06894,0.418919,,,
C06880,C06574,0.418093,,,
C06880,C06827,0.408115,,,
C06880,C05551,0.403941,,,
C06880,C07771,0.398964,,,
C06880,C06923,0.39738,,,
C06880,C07139,0.381733,,,
C06880,C14034,0.357553,,,
C06880,C07770,0.344538,,,
C06880,D02222,0.342282,,,
C06880,D07908,0.292776,,,
C06880,C06665,0.292683,,,
C06880,C06662,0.287671,,,
C06880,C08092,0.227273,,,
C06880,D03895,0.217565,,,
C06880,C01675,0.214751,,,
C06880,C07663,0.197053,,,
C06880,C07203,0.167109,,,
C06880,C12012,0.164902,,,
C06880,C06914,0.160542,,,
C06880,C07225,0.154499,,,
C06880,C07321,0.146617,,,
C06880,C07660,0.146617,,,
C06880,C07661,0.143911,,,
C06880,C06973,0.137521,,,
C06880,C05349,0.134615,,,
C06880,C15820,0.133391,,,
C06880,C15643,0.120996,,,
C06880,C06689,0.113725,,,
C06880,D00322,0.111111,,,
C06880,C12013,0.107011,,,
C06880,C07268,0.101322,,,
C06880,C08146,0.090226,,,
C06880,C06838,0.089987,,,
C06880,C06820,0.083455,,,
C06880,C01965,0.08,,,
C06880,C06688,0.072235,,,
C06880,C01918,0.068581,,,
C06880,C13768,0.046512,,,
C06880,C00397,0.042654,,,
C06880,C07315,0.041667,,,
C06880,C06573,0.039916,,,
C06880,C06912,0.036145,,,
C06881,C06881,1,,,
C06881,C08110,0.869159,,,
C06881,C08114,0.80758,,,
C06881,C06885,0.763085,,,
C06881,C06889,0.743341,,,
C06881,C08111,0.704835,,,
C06881,C06683,0.639723,,,
C06881,C07139,0.594595,,,
C06881,C06894,0.563275,,,
C06881,C06895,0.542553,,,
C06881,C06880,0.498829,,,
C06881,C06574,0.483376,,,
C06881,C06827,0.471322,,,
C06881,C05551,0.465296,,,
C06881,C06883,0.405975,,,
C06881,C06923,0.394336,,,
C06881,D02222,0.392111,,,
C06881,D07908,0.368209,,,
C06881,C14034,0.362764,,,
C06881,C07770,0.340782,,,
C06881,C07771,0.291866,,,
C06881,C06665,0.261905,,,
C06881,C01675,0.241685,,,
C06881,C08092,0.22449,,,
C06881,C06662,0.217617,,,
C06881,D03895,0.217565,,,
C06881,C07663,0.214953,,,
C06881,C07225,0.209964,,,
C06881,C12012,0.193798,,,
C06881,C07268,0.184834,,,
C06881,C06914,0.174168,,,
C06881,C15643,0.166667,,,
C06881,C06973,0.15917,,,
C06881,C05349,0.152344,,,
C06881,C07321,0.146617,,,
C06881,C07660,0.146617,,,
C06881,C08146,0.143984,,,
C06881,C07661,0.143911,,,
C06881,C15820,0.142355,,,
C06881,C12013,0.122754,,,
C06881,C06689,0.121643,,,
C06881,C06820,0.107784,,,
C06881,C01965,0.093117,,,
C06881,C07203,0.089109,,,
C06881,C06838,0.088608,,,
C06881,C06688,0.082005,,,
C06881,D00322,0.081081,,,
C06881,C01918,0.068581,,,
C06881,C07315,0.06383,,,
C06881,C13768,0.058305,,,
C06881,C00397,0.042654,,,
C06881,C06573,0.039916,,,
C06881,C06912,0.036145,,,
C06883,C06883,1,,,
C06883,C14034,0.750503,,,
C06883,C06895,0.532091,,,
C06883,C06827,0.509054,,,
C06883,C06574,0.485944,,,
C06883,C08111,0.474245,,,
C06883,C06683,0.438017,,,
C06883,C05551,0.437008,,,
C06883,C08114,0.42596,,,
C06883,C06880,0.420959,,,
C06883,C06885,0.410935,,,
C06883,C08110,0.410019,,,
C06883,C06889,0.401274,,,
C06883,C06894,0.39576,,,
C06883,C06881,0.381693,,,
C06883,C06923,0.360544,,,
C06883,C07139,0.348921,,,
C06883,D07908,0.286371,,,
C06883,C07771,0.282051,,,
C06883,C07321,0.260229,,,
C06883,C07660,0.260229,,,
C06883,C08146,0.256367,,,
C06883,C07663,0.25387,,,
C06883,C06914,0.247947,,,
C06883,C12012,0.246649,,,
C06883,C06973,0.246246,,,
C06883,C07770,0.237911,,,
C06883,C07661,0.232227,,,
C06883,C07225,0.229868,,,
C06883,C15820,0.227923,,,
C06883,D02222,0.219904,,,
C06883,C05349,0.219512,,,
C06883,C06665,0.210526,,,
C06883,C06689,0.209801,,,
C06883,C01675,0.20603,,,
C06883,C06662,0.2,,,
C06883,D00322,0.196013,,,
C06883,C08092,0.186441,,,
C06883,C06688,0.185897,,,
C06883,C07268,0.170213,,,
C06883,D03895,0.164902,,,
C06883,C07315,0.134021,,,
C06883,C15643,0.128571,,,
C06883,C12013,0.126952,,,
C06883,C01965,0.104101,,,
C06883,C01918,0.093544,,,
C06883,C06820,0.089588,,,
C06883,C06838,0.086262,,,
C06883,C07203,0.069519,,,
C06883,C13768,0.065197,,,
C06883,C06912,0.040816,,,
C06883,C06573,0.034173,,,
C06883,C00397,0.034048,,,
C06885,C06885,1,,,
C06885,C08114,0.91358,,,
C06885,C08110,0.801802,,,
C06885,C06881,0.763085,,,
C06885,C08111,0.717949,,,
C06885,C06894,0.702703,,,
C06885,C06683,0.651163,,,
C06885,C06889,0.632653,,,
C06885,C06895,0.546667,,,
C06885,C06880,0.534772,,,
C06885,C07139,0.51671,,,
C06885,C06574,0.487179,,,
C06885,C06827,0.475,,,
C06885,C05551,0.469072,,,
C06885,C06883,0.410935,,,
C06885,C06923,0.39738,,,
C06885,D02222,0.392111,,,
C06885,C14034,0.365385,,,
C06885,C07770,0.344538,,,
C06885,C07771,0.298077,,,
C06885,D07908,0.295238,,,
C06885,C08092,0.288783,,,
C06885,C06662,0.287671,,,
C06885,C06665,0.261905,,,
C06885,C07663,0.219512,,,
C06885,D03895,0.217565,,,
C06885,C07225,0.209964,,,
C06885,C12012,0.193798,,,
C06885,C06688,0.193467,,,
C06885,C07268,0.184834,,,
C06885,C01675,0.166667,,,
C06885,C06914,0.160542,,,
C06885,C06973,0.15917,,,
C06885,C05349,0.152344,,,
C06885,C15643,0.149635,,,
C06885,C07661,0.148148,,,
C06885,C07321,0.146617,,,
C06885,C07660,0.146617,,,
C06885,C08146,0.143984,,,
C06885,C15820,0.13438,,,
C06885,C01965,0.115702,,,
C06885,C06689,0.1146,,,
C06885,C06573,0.113611,,,
C06885,C12013,0.109467,,,
C06885,C06820,0.107784,,,
C06885,C06838,0.103979,,,
C06885,C07203,0.089109,,,
C06885,D00322,0.081081,,,
C06885,C01918,0.068581,,,
C06885,C07315,0.06383,,,
C06885,C13768,0.058305,,,
C06885,C06912,0.04878,,,
C06885,C00397,0.042654,,,
C06889,C06889,1,,,
C06889,C08111,0.77305,,,
C06889,C06881,0.743341,,,
C06889,C08114,0.662708,,,
C06889,C08110,0.646489,,,
C06889,C06885,0.632653,,,
C06889,C06895,0.552941,,,
C06889,C06683,0.545988,,,
C06889,C06894,0.507431,,,
C06889,C06574,0.5,,,
C06889,C07139,0.495536,,,
C06889,C06827,0.485588,,,
C06889,C05551,0.484018,,,
C06889,C06923,0.466395,,,
C06889,C06880,0.425743,,,
C06889,C06883,0.423948,,,
C06889,C14034,0.385965,,,
C06889,D07908,0.366906,,,
C06889,D02222,0.330724,,,
C06889,C07771,0.327623,,,
C06889,C07770,0.281465,,,
C06889,C06662,0.235955,,,
C06889,C01675,0.226054,,,
C06889,C06973,0.221498,,,
C06889,C06665,0.22,,,
C06889,C12012,0.192146,,,
C06889,C08092,0.190019,,,
C06889,D03895,0.187608,,,
C06889,C07663,0.186992,,,
C06889,C07225,0.183801,,,
C06889,C12013,0.159208,,,
C06889,C07268,0.155378,,,
C06889,C15820,0.152882,,,
C06889,C06914,0.139028,,,
C06889,C07315,0.135029,,,
C06889,C06689,0.132075,,,
C06889,C05349,0.131757,,,
C06889,C15643,0.130573,,,
C06889,C08146,0.130137,,,
C06889,C07321,0.127451,,,
C06889,C07660,0.127451,,,
C06889,C07661,0.125402,,,
C06889,C06820,0.096257,,,
C06889,D00322,0.09029,,,
C06889,C06838,0.081703,,,
C06889,C01965,0.080139,,,
C06889,C06688,0.075157,,,
C06889,C07203,0.07438,,,
C06889,C01918,0.06082,,,
C06889,C13768,0.056106,,,
C06889,C00397,0.037868,,,
C06889,C06573,0.036822,,,
C06889,C06912,0.032967,,,
C06894,C06894,1,,,
C06894,C06885,0.702703,,,
C06894,C08114,0.675824,,,
C06894,C06895,0.652174,,,
C06894,C06827,0.60221,,,
C06894,C06574,0.583333,,,
C06894,C08110,0.581769,,,
C06894,C05551,0.564246,,,
C06894,C06881,0.563275,,,
C06894,C08111,0.534884,,,
C06894,C06889,0.507431,,,
C06894,C07139,0.494845,,,
C06894,C06683,0.489362,,,
C06894,C06923,0.438356,,,
C06894,C14034,0.428571,,,
C06894,C06883,0.420863,,,
C06894,C06880,0.418919,,,
C06894,D02222,0.398104,,,
C06894,C07770,0.354467,,,
C06894,D07908,0.353535,,,
C06894,C07771,0.338384,,,
C06894,C07268,0.303191,,,
C06894,C08092,0.295844,,,
C06894,C06662,0.295775,,,
C06894,C06665,0.268293,,,
C06894,C07663,0.267327,,,
C06894,C07225,0.240741,,,
C06894,C06973,0.22449,,,
C06894,D03895,0.221996,,,
C06894,C12012,0.217949,,,
C06894,C06688,0.209781,,,
C06894,C07661,0.191406,,,
C06894,C07321,0.185771,,,
C06894,C07660,0.185771,,,
C06894,C01675,0.170213,,,
C06894,C15820,0.165312,,,
C06894,C06914,0.163708,,,
C06894,C05349,0.16,,,
C06894,C08146,0.153846,,,
C06894,C15643,0.152416,,,
C06894,C06689,0.1417,,,
C06894,C12013,0.140888,,,
C06894,C01965,0.134904,,,
C06894,D00322,0.124744,,,
C06894,C06820,0.109422,,,
C06894,C06838,0.105332,,,
C06894,C06573,0.103604,,,
C06894,C07315,0.084071,,,
C06894,C01918,0.069692,,,
C06894,C13768,0.058592,,,
C06894,C06912,0.049383,,,
C06894,C00397,0.043339,,,
C06894,C07203,0.02381,,,
C06895,C06895,1,,,
C06895,C06574,0.890909,,,
C06895,C06827,0.853147,,,
C06895,C05551,0.847826,,,
C06895,C06894,0.652174,,,
C06895,C07139,0.630769,,,
C06895,C06923,0.620112,,,
C06895,C08110,0.607143,,,
C06895,C14034,0.600985,,,
C06895,C08114,0.577465,,,
C06895,C06889,0.552941,,,
C06895,C06885,0.546667,,,
C06895,C06881,0.542553,,,
C06895,C06883,0.532091,,,
C06895,C08111,0.506173,,,
C06895,D07908,0.497585,,,
C06895,C06880,0.472081,,,
C06895,C06683,0.460674,,,
C06895,D02222,0.455526,,,
C06895,C07770,0.418919,,,
C06895,C07771,0.383285,,,
C06895,C06662,0.344262,,,
C06895,C06665,0.305556,,,
C06895,C06973,0.295117,,,
C06895,C07225,0.283644,,,
C06895,C12012,0.279279,,,
C06895,C07663,0.274298,,,
C06895,C08092,0.263158,,,
C06895,C08146,0.256039,,,
C06895,D03895,0.247166,,,
C06895,C07268,0.232493,,,
C06895,C05349,0.207289,,,
C06895,C07321,0.195652,,,
C06895,C07660,0.195652,,,
C06895,C07661,0.191489,,,
C06895,C15643,0.189979,,,
C06895,C15820,0.187739,,,
C06895,C01965,0.182266,,,
C06895,C06914,0.179039,,,
C06895,C01675,0.173709,,,
C06895,C07315,0.154856,,,
C06895,C06689,0.151566,,,
C06895,D00322,0.131222,,,
C06895,C06688,0.129442,,,
C06895,C06820,0.122112,,,
C06895,C06838,0.098901,,,
C06895,C01918,0.075838,,,
C06895,C12013,0.066667,,,
C06895,C13768,0.061678,,,
C06895,C00397,0.04712,,,
C06895,C06573,0.042601,,,
C06895,C06912,0.038961,,,
C06895,C07203,0.027027,,,
C06912,C06912,1,,,
C06912,C06838,0.884817,,,
C06912,C00397,0.337386,,,
C06912,C06820,0.322314,,,
C06912,C01918,0.318519,,,
C06912,C06973,0.306902,,,
C06912,C15643,0.228324,,,
C06912,C06689,0.208548,,,
C06912,D02222,0.19883,,,
C06912,C12012,0.175772,,,
C06912,C06914,0.171429,,,
C06912,C06573,0.165703,,,
C06912,C08092,0.155015,,,
C06912,C01965,0.153263,,,
C06912,C07225,0.147959,,,
C06912,D07908,0.147959,,,
C06912,D03895,0.146409,,,
C06912,C08114,0.121495,,,
C06912,C07770,0.104101,,,
C06912,C07661,0.103811,,,
C06912,C07663,0.101266,,,
C06912,C07771,0.091954,,,
C06912,C06688,0.091418,,,
C06912,C06662,0.088328,,,
C06912,C06665,0.080692,,,
C06912,C05551,0.079235,,,
C06912,C01675,0.078838,,,
C06912,C06574,0.078167,,,
C06912,C06827,0.077128,,,
C06912,C07139,0.077128,,,
C06912,C15820,0.074205,,,
C06912,C06923,0.072319,,,
C06912,C14034,0.068966,,,
C06912,C08146,0.06383,,,
C06912,C06894,0.049383,,,
C06912,C06885,0.04878,,,
C06912,C08111,0.047059,,,
C06912,C06683,0.044944,,,
C06912,C06883,0.040816,,,
C06912,C06895,0.038961,,,
C06912,C08110,0.037975,,,
C06912,C06880,0.036145,,,
C06912,C06881,0.036145,,,
C06912,C12013,0.033033,,,
C06912,C06889,0.032967,,,
C06912,C07321,0.024691,,,
C06912,C07660,0.024691,,,
C06912,C05349,0.021438,,,
C06912,C07268,0.014085,,,
C06914,C06914,1,,,
C06914,C08092,0.340483,,,
C06914,C06820,0.333333,,,
C06914,C07321,0.316397,,,
C06914,C07660,0.316397,,,
C06914,D02222,0.311475,,,
C06914,C00397,0.297071,,,
C06914,C06973,0.290984,,,
C06914,D03895,0.272321,,,
C06914,D07908,0.264822,,,
C06914,C01675,0.262136,,,
C06914,C06895,0.235698,,,
C06914,C01918,0.22093,,,
C06914,C12012,0.220736,,,
C06914,C06838,0.200586,,,
C06914,C06573,0.19197,,,
C06914,C06894,0.189516,,,
C06914,C14034,0.179577,,,
C06914,C06665,0.17506,,,
C06914,C06883,0.167435,,,
C06914,C05551,0.162281,,,
C06914,C08110,0.161826,,,
C06914,C15643,0.159136,,,
C06914,C06574,0.158798,,,
C06914,C06912,0.156559,,,
C06914,C06827,0.155462,,,
C06914,C07139,0.155462,,,
C06914,C08114,0.155378,,,
C06914,C07663,0.153119,,,
C06914,C06689,0.150959,,,
C06914,C06881,0.149425,,,
C06914,C06885,0.149425,,,
C06914,C08146,0.141649,,,
C06914,C08111,0.141304,,,
C06914,C06923,0.140684,,,
C06914,C06688,0.1375,,,
C06914,C06880,0.134216,,,
C06914,C06683,0.131757,,,
C06914,C07225,0.130742,,,
C06914,C06889,0.129568,,,
C06914,C12013,0.097744,,,
C06914,C15820,0.0947,,,
C06914,C06662,0.094148,,,
C06914,C07770,0.091811,,,
C06914,C07771,0.079914,,,
C06914,C05349,0.067961,,,
C06914,C13768,0.064792,,,
C06914,C07661,0.06422,,,
C06914,C07268,0.059908,,,
C06914,C07203,0.025641,,,
C06923,C06923,1,,,
C06923,C05551,0.711712,,,
C06923,C06574,0.690962,,,
C06923,C06895,0.620112,,,
C06923,C07139,0.607629,,,
C06923,C06827,0.586022,,,
C06923,C14034,0.469979,,,
C06923,C06889,0.466395,,,
C06923,C06894,0.438356,,,
C06923,D07908,0.437632,,,
C06923,C08110,0.431981,,,
C06923,C08114,0.415525,,,
C06923,C07770,0.407625,,,
C06923,C06880,0.39738,,,
C06923,C06885,0.39738,,,
C06923,C06881,0.394336,,,
C06923,C07771,0.377551,,,
C06923,C08111,0.372951,,,
C06923,C06683,0.370656,,,
C06923,C06883,0.360544,,,
C06923,D02222,0.357466,,,
C06923,C06973,0.324111,,,
C06923,C06662,0.287671,,,
C06923,C06665,0.274038,,,
C06923,C07225,0.273408,,,
C06923,C08146,0.266376,,,
C06923,C07315,0.246883,,,
C06923,C07663,0.238095,,,
C06923,D03895,0.229839,,,
C06923,C15820,0.221805,,,
C06923,C12012,0.206897,,,
C06923,C07268,0.201923,,,
C06923,C01675,0.201717,,,
C06923,C07661,0.20155,,,
C06923,C05349,0.196755,,,
C06923,C06689,0.187291,,,
C06923,C15643,0.184211,,,
C06923,D00322,0.178947,,,
C06923,C01965,0.176471,,,
C06923,C07321,0.168582,,,
C06923,C07660,0.168582,,,
C06923,C06688,0.162791,,,
C06923,C08092,0.153846,,,
C06923,C06914,0.140684,,,
C06923,C12013,0.114413,,,
C06923,C06820,0.109445,,,
C06923,C01918,0.091205,,,
C06923,C06573,0.081967,,,
C06923,C06912,0.072319,,,
C06923,C06838,0.069652,,,
C06923,C07203,0.067961,,,
C06923,C13768,0.043478,,,
C06923,C00397,0.042654,,,
C06973,C06973,1,,,
C06973,C07225,0.678487,,,
C06973,C12012,0.55642,,,
C06973,D07908,0.362764,,,
C06973,C05551,0.324503,,,
C06973,C06923,0.324111,,,
C06973,C06574,0.317495,,,
C06973,C06895,0.295117,,,
C06973,C06827,0.280992,,,
C06973,C07139,0.27572,,,
C06973,C15643,0.26195,,,
C06973,C14034,0.245791,,,
C06973,C06894,0.22449,,,
C06973,C06889,0.221498,,,
C06973,C01918,0.219512,,,
C06973,D02222,0.218569,,,
C06973,C06838,0.212534,,,
C06973,C06914,0.209213,,,
C06973,C06883,0.208151,,,
C06973,C06573,0.194379,,,
C06973,C06688,0.193666,,,
C06973,C06662,0.193317,,,
C06973,C06912,0.183511,,,
C06973,C07771,0.180124,,,
C06973,C07663,0.17851,,,
C06973,C07770,0.177829,,,
C06973,C06683,0.174603,,,
C06973,C08110,0.171004,,,
C06973,C06689,0.166533,,,
C06973,C08114,0.164875,,,
C06973,C08146,0.161905,,,
C06973,C08092,0.160896,,,
C06973,C06881,0.15917,,,
C06973,C06885,0.15917,,,
C06973,D03895,0.153153,,,
C06973,C08111,0.151316,,,
C06973,C06665,0.142857,,,
C06973,C07268,0.139785,,,
C06973,C06880,0.137521,,,
C06973,C06820,0.137371,,,
C06973,C01965,0.135458,,,
C06973,C15820,0.131915,,,
C06973,C07321,0.118881,,,
C06973,C07660,0.118881,,,
C06973,C07661,0.116838,,,
C06973,D00322,0.109023,,,
C06973,C00397,0.107544,,,
C06973,C05349,0.101243,,,
C06973,C07315,0.095041,,,
C06973,C12013,0.091298,,,
C06973,C01675,0.082569,,,
C06973,C13768,0.024801,,,
C06973,C07203,0.021739,,,
C07139,C07139,1,,,
C07139,C05551,0.727575,,,
C07139,C06574,0.709677,,,
C07139,C06827,0.6875,,,
C07139,C06895,0.630769,,,
C07139,C06923,0.607629,,,
C07139,C06881,0.594595,,,
C07139,C08110,0.571429,,,
C07139,C08114,0.544715,,,
C07139,C06885,0.51671,,,
C07139,C14034,0.5,,,
C07139,C06889,0.495536,,,
C07139,C06894,0.494845,,,
C07139,C08111,0.479714,,,
C07139,C07770,0.477663,,,
C07139,D07908,0.441648,,,
C07139,C06683,0.437908,,,
C07139,C07771,0.432749,,,
C07139,C06880,0.381733,,,
C07139,D02222,0.375,,,
C07139,C06883,0.373626,,,
C07139,C06662,0.333333,,,
C07139,C01675,0.321244,,,
C07139,C06665,0.311475,,,
C07139,C06973,0.27572,,,
C07139,D03895,0.255605,,,
C07139,C07225,0.211538,,,
C07139,C07663,0.195219,,,
C07139,C08146,0.188341,,,
C07139,C15643,0.183673,,,
C07139,C08092,0.17506,,,
C07139,C07268,0.171875,,,
C07139,C15820,0.163873,,,
C07139,C06914,0.155462,,,
C07139,C12012,0.148325,,,
C07139,C06689,0.136929,,,
C07139,C12013,0.131928,,,
C07139,C05349,0.129707,,,
C07139,C07321,0.124498,,,
C07139,C07660,0.124498,,,
C07139,C07661,0.122047,,,
C07139,C06820,0.105769,,,
C07139,C01965,0.103604,,,
C07139,C01918,0.099291,,,
C07139,C06688,0.097561,,,
C07139,C06573,0.096849,,,
C07139,C06912,0.077128,,,
C07139,C06838,0.074271,,,
C07139,C07315,0.071429,,,
C07139,D00322,0.0625,,,
C07139,C00397,0.046312,,,
C07139,C13768,0.040947,,,
C07139,C07203,0.026316,,,
C07203,C07203,1,,,
C07203,C08146,0.194969,,,
C07203,D00322,0.192053,,,
C07203,C06880,0.167109,,,
C07203,C07771,0.164384,,,
C07203,C05349,0.164179,,,
C07203,C01965,0.16041,,,
C07203,C07268,0.153846,,,
C07203,C07315,0.136364,,,
C07203,C07661,0.122995,,,
C07203,C07321,0.120219,,,
C07203,C07660,0.120219,,,
C07203,C06665,0.118644,,,
C07203,C07663,0.113861,,,
C07203,C06683,0.101512,,,
C07203,C08110,0.098901,,,
C07203,C08114,0.09375,,,
C07203,C06881,0.089109,,,
C07203,C06885,0.089109,,,
C07203,C08111,0.082949,,,
C07203,C07225,0.078652,,,
C07203,D07908,0.078652,,,
C07203,C06889,0.07438,,,
C07203,C06662,0.071429,,,
C07203,C06883,0.069519,,,
C07203,C06923,0.067961,,,
C07203,C12012,0.065421,,,
C07203,C15643,0.043689,,,
C07203,C00397,0.043084,,,
C07203,C12013,0.035857,,,
C07203,C06820,0.034483,,,
C07203,C01675,0.028571,,,
C07203,C05551,0.027778,,,
C07203,C06574,0.027027,,,
C07203,C06895,0.027027,,,
C07203,C06827,0.026316,,,
C07203,C07139,0.026316,,,
C07203,C06914,0.025641,,,
C07203,C06689,0.024349,,,
C07203,C06894,0.02381,,,
C07203,C06973,0.021739,,,
C07203,C14034,0.02,,,
C07203,C06688,0.013514,,,
C07203,C06573,0.012821,,,
C07225,C07225,1,,,
C07225,C06973,0.853786,,,
C07225,C12012,0.796009,,,
C07225,D07908,0.33829,,,
C07225,C06895,0.313559,,,
C07225,C15643,0.311155,,,
C07225,C14034,0.269036,,,
C07225,C06827,0.267606,,,
C07225,D02222,0.267327,,,
C07225,C06688,0.264368,,,
C07225,C06838,0.251739,,,
C07225,C05551,0.25,,,
C07225,C06574,0.24498,,,
C07225,C07139,0.242604,,,
C07225,C06894,0.240741,,,
C07225,D03895,0.240458,,,
C07225,C07663,0.229947,,,
C07225,C06883,0.229868,,,
C07225,C08110,0.226054,,,
C07225,C06923,0.220826,,,
C07225,C08146,0.218075,,,
C07225,C08114,0.217712,,,
C07225,C06881,0.209964,,,
C07225,C06885,0.209964,,,
C07225,C06683,0.205788,,,
C07225,C08111,0.199324,,,
C07225,C06573,0.199069,,,
C07225,C01918,0.187291,,,
C07225,C06889,0.183801,,,
C07225,C07321,0.181818,,,
C07225,C07660,0.181818,,,
C07225,C07268,0.181619,,,
C07225,C08092,0.176471,,,
C07225,C05349,0.168831,,,
C07225,C06665,0.168033,,,
C07225,C06662,0.167048,,,
C07225,C06880,0.154499,,,
C07225,C06820,0.148748,,,
C07225,C06912,0.147959,,,
C07225,C07661,0.141869,,,
C07225,C15820,0.138488,,,
C07225,C06689,0.131783,,,
C07225,C06914,0.130742,,,
C07225,C01965,0.126214,,,
C07225,C07771,0.121857,,,
C07225,C12013,0.121631,,,
C07225,C07315,0.120332,,,
C07225,C07770,0.11349,,,
C07225,C01675,0.088929,,,
C07225,D00322,0.086957,,,
C07225,C07203,0.078652,,,
C07225,C00397,0.071975,,,
C07225,C13768,0.024686,,,
C07268,C07268,1,,,
C07268,C06894,0.303191,,,
C07268,C06827,0.260504,,,
C07268,C05551,0.239193,,,
C07268,C06574,0.232493,,,
C07268,C06895,0.232493,,,
C07268,C08110,0.204188,,,
C07268,C06923,0.201923,,,
C07268,C07321,0.19898,,,
C07268,C07660,0.19898,,,
C07268,C08146,0.195652,,,
C07268,C08114,0.19403,,,
C07268,C06881,0.184834,,,
C07268,C06885,0.184834,,,
C07268,C05349,0.184211,,,
C07268,C07225,0.181619,,,
C07268,D07908,0.179039,,,
C07268,C14034,0.177686,,,
C07268,C08111,0.172566,,,
C07268,C07139,0.171875,,,
C07268,C07661,0.170732,,,
C07268,C06883,0.170213,,,
C07268,C06683,0.158537,,,
C07268,C06889,0.155378,,,
C07268,C07203,0.153846,,,
C07268,C12012,0.151737,,,
C07268,C06973,0.139785,,,
C07268,C07663,0.133333,,,
C07268,C07771,0.133144,,,
C07268,C06688,0.132867,,,
C07268,C06662,0.12628,,,
C07268,C07770,0.122112,,,
C07268,C07315,0.118012,,,
C07268,C06665,0.104816,,,
C07268,C06880,0.101322,,,
C07268,D00322,0.099476,,,
C07268,C15820,0.090226,,,
C07268,D02222,0.08747,,,
C07268,C01965,0.086957,,,
C07268,D03895,0.08545,,,
C07268,C06689,0.081081,,,
C07268,C06914,0.059908,,,
C07268,C06838,0.037464,,,
C07268,C12013,0.034221,,,
C07268,C15643,0.020833,,,
C07268,C06912,0.014085,,,
C07315,C07315,1,,,
C07315,C01965,0.269841,,,
C07315,C06923,0.246883,,,
C07315,C08146,0.182796,,,
C07315,C05551,0.15903,,,
C07315,C06574,0.154856,,,
C07315,C06895,0.154856,,,
C07315,D03895,0.154791,,,
C07315,C06827,0.153846,,,
C07315,C07321,0.149144,,,
C07315,C07660,0.149144,,,
C07315,C05349,0.142132,,,
C07315,C07203,0.136364,,,
C07315,C06883,0.134021,,,
C07315,D00322,0.129032,,,
C07315,C07268,0.118012,,,
C07315,C14034,0.11546,,,
C07315,C06889,0.113244,,,
C07315,D07908,0.102041,,,
C07315,C07225,0.095335,,,
C07315,C06973,0.095041,,,
C07315,C15820,0.090226,,,
C07315,C06894,0.084071,,,
C07315,C06689,0.081081,,,
C07315,C07661,0.078652,,,
C07315,C07663,0.073684,,,
C07315,C07139,0.071429,,,
C07315,C08110,0.069767,,,
C07315,C08114,0.066667,,,
C07315,C12012,0.064189,,,
C07315,C06881,0.06383,,,
C07315,C06885,0.06383,,,
C07315,C08111,0.06,,,
C07315,C06683,0.055556,,,
C07315,C12013,0.051005,,,
C07315,C06880,0.041667,,,
C07315,C06688,0.037132,,,
C07315,C07771,0.025641,,,
C07321,C07321,1,,,
C07321,C07660,1,,,
C07321,C05349,0.848185,,,
C07321,C07661,0.820988,,,
C07321,C07663,0.741573,,,
C07321,C08146,0.375,,,
C07321,C06883,0.254072,,,
C07321,C14034,0.247706,,,
C07321,C08111,0.24031,,,
C07321,C06688,0.233244,,,
C07321,C01965,0.220096,,,
C07321,D00322,0.210046,,,
C07321,C07268,0.205128,,,
C07321,C05551,0.2,,,
C07321,C06574,0.195652,,,
C07321,C06895,0.195652,,,
C07321,C06894,0.190476,,,
C07321,C07225,0.181818,,,
C07321,C07771,0.180556,,,
C07321,C07315,0.17207,,,
C07321,C06923,0.168582,,,
C07321,C06665,0.165501,,,
C07321,C06662,0.164021,,,
C07321,C07770,0.159794,,,
C07321,C08110,0.158537,,,
C07321,C06573,0.153846,,,
C07321,C08114,0.152344,,,
C07321,D07908,0.14841,,,
C07321,C06880,0.146617,,,
C07321,C06881,0.146617,,,
C07321,C06885,0.146617,,,
C07321,C06827,0.129032,,,
C07321,C06889,0.127451,,,
C07321,C07139,0.124498,,,
C07321,C07203,0.120219,,,
C07321,C06973,0.118881,,,
C07321,C12012,0.117825,,,
C07321,C06683,0.114754,,,
C07321,C01675,0.111111,,,
C07321,C15820,0.11014,,,
C07321,C01918,0.109185,,,
C07321,D02222,0.106796,,,
C07321,C06820,0.105919,,,
C07321,D03895,0.104762,,,
C07321,C06689,0.091909,,,
C07321,C12013,0.075347,,,
C07321,C06838,0.07513,,,
C07321,C06914,0.069418,,,
C07321,C08092,0.055901,,,
C07321,C15643,0.052632,,,
C07321,C00397,0.044776,,,
C07321,C06912,0.024691,,,
C07660,C07321,1,,,
C07660,C07660,1,,,
C07660,C05349,0.848185,,,
C07660,C07661,0.820988,,,
C07660,C07663,0.741573,,,
C07660,C08146,0.375,,,
C07660,C06883,0.254072,,,
C07660,C14034,0.247706,,,
C07660,C08111,0.24031,,,
C07660,C06688,0.233244,,,
C07660,C01965,0.220096,,,
C07660,D00322,0.210046,,,
C07660,C07268,0.205128,,,
C07660,C05551,0.2,,,
C07660,C06574,0.195652,,,
C07660,C06895,0.195652,,,
C07660,C06894,0.190476,,,
C07660,C07225,0.181818,,,
C07660,C07771,0.180556,,,
C07660,C07315,0.17207,,,
C07660,C06923,0.168582,,,
C07660,C06665,0.165501,,,
C07660,C06662,0.164021,,,
C07660,C07770,0.159794,,,
C07660,C08110,0.158537,,,
C07660,C06573,0.153846,,,
C07660,C08114,0.152344,,,
C07660,D07908,0.14841,,,
C07660,C06880,0.146617,,,
C07660,C06881,0.146617,,,
C07660,C06885,0.146617,,,
C07660,C06827,0.129032,,,
C07660,C06889,0.127451,,,
C07660,C07139,0.124498,,,
C07660,C07203,0.120219,,,
C07660,C06973,0.118881,,,
C07660,C12012,0.117825,,,
C07660,C06683,0.114754,,,
C07660,C01675,0.111111,,,
C07660,C15820,0.11014,,,
C07660,C01918,0.109185,,,
C07660,D02222,0.106796,,,
C07660,C06820,0.105919,,,
C07660,D03895,0.104762,,,
C07660,C06689,0.091909,,,
C07660,C12013,0.075347,,,
C07660,C06838,0.07513,,,
C07660,C06914,0.069418,,,
C07660,C08092,0.053719,,,
C07660,C15643,0.052632,,,
C07660,C00397,0.044776,,,
C07660,C06912,0.024691,,,
C07661,C07661,1,,,
C07661,C05349,0.887417,,,
C07661,C07663,0.847507,,,
C07661,C07321,0.820988,,,
C07661,C07660,0.820988,,,
C07661,C08146,0.365854,,,
C07661,C14034,0.266055,,,
C07661,C01965,0.253012,,,
C07661,C06883,0.252006,,,
C07661,C06688,0.226913,,,
C07661,C01675,0.218962,,,
C07661,C06683,0.210526,,,
C07661,C06662,0.209677,,,
C07661,C07771,0.206497,,,
C07661,D07908,0.202186,,,
C07661,C06923,0.20155,,,
C07661,C05551,0.195652,,,
C07661,C06574,0.191489,,,
C07661,C06895,0.191489,,,
C07661,C06894,0.191406,,,
C07661,D00322,0.186813,,,
C07661,C08111,0.186131,,,
C07661,C07770,0.179487,,,
C07661,C07268,0.170732,,,
C07661,C06838,0.157025,,,
C07661,C08110,0.155378,,,
C07661,C08114,0.153846,,,
C07661,C15820,0.153153,,,
C07661,C06885,0.148148,,,
C07661,D02222,0.143984,,,
C07661,C06881,0.143911,,,
C07661,C07225,0.141869,,,
C07661,D03895,0.141199,,,
C07661,C06689,0.140065,,,
C07661,C12012,0.136364,,,
C07661,C06912,0.127517,,,
C07661,C06827,0.126482,,,
C07661,C06889,0.125402,,,
C07661,C07203,0.122995,,,
C07661,C07139,0.122047,,,
C07661,C06973,0.116838,,,
C07661,C06665,0.115974,,,
C07661,C06880,0.111111,,,
C07661,C07315,0.09589,,,
C07661,C01918,0.076159,,,
C07661,C00397,0.072027,,,
C07661,C15643,0.070175,,,
C07661,C12013,0.068592,,,
C07661,C06914,0.06422,,,
C07661,C06573,0.061269,,,
C07661,C08092,0.033797,,,
C07661,C06820,0.024182,,,
C07663,C07663,1,,,
C07663,C07661,0.847507,,,
C07663,C05349,0.754386,,,
C07663,C07321,0.741573,,,
C07663,C07660,0.741573,,,
C07663,D07908,0.311787,,,
C07663,C01965,0.29108,,,
C07663,C08146,0.266094,,,
C07663,C07139,0.263158,,,
C07663,C05551,0.2527,,,
C07663,C06923,0.252408,,,
C07663,C06883,0.25,,,
C07663,C06574,0.247357,,,
C07663,C06895,0.247357,,,
C07663,C06894,0.242718,,,
C07663,C08111,0.229656,,,
C07663,C06683,0.226576,,,
C07663,C06827,0.22449,,,
C07663,C12012,0.220657,,,
C07663,C06662,0.218274,,,
C07663,D00322,0.212766,,,
C07663,C14034,0.208054,,,
C07663,C08110,0.207921,,,
C07663,C08114,0.204589,,,
C07663,C06885,0.197053,,,
C07663,C06838,0.193416,,,
C07663,C07771,0.193059,,,
C07663,C06973,0.192982,,,
C07663,C06880,0.192661,,,
C07663,C06881,0.192661,,,
C07663,C07225,0.175468,,,
C07663,C06688,0.175031,,,
C07663,C06889,0.168,,,
C07663,C15820,0.167558,,,
C07663,C07770,0.166667,,,
C07663,C06665,0.158798,,,
C07663,D02222,0.155303,,,
C07663,D03895,0.152416,,,
C07663,C06689,0.151369,,,
C07663,C06912,0.147757,,,
C07663,C07268,0.133333,,,
C07663,C15643,0.130742,,,
C07663,C01675,0.12426,,,
C07663,C07203,0.113861,,,
C07663,C08092,0.111111,,,
C07663,C06914,0.097122,,,
C07663,C01918,0.089744,,,
C07663,C07315,0.089744,,,
C07663,C12013,0.073205,,,
C07663,C06820,0.06383,,,
C07663,C00397,0.058452,,,
C07663,C06573,0.051525,,,
C07770,C07770,1,,,
C07770,C07771,0.719457,,,
C07770,C06662,0.519608,,,
C07770,C05551,0.512915,,,
C07770,C06574,0.494662,,,
C07770,C06827,0.477663,,,
C07770,C07139,0.477663,,,
C07770,C06895,0.418919,,,
C07770,C06923,0.407625,,,
C07770,C08110,0.383648,,,
C07770,C08114,0.364985,,,
C07770,C06894,0.354467,,,
C07770,C06665,0.345455,,,
C07770,C06880,0.344538,,,
C07770,C06885,0.344538,,,
C07770,C06881,0.340782,,,
C07770,C14034,0.3382,,,
C07770,C08111,0.317829,,,
C07770,C06683,0.288056,,,
C07770,C06889,0.281465,,,
C07770,D02222,0.246459,,,
C07770,D03895,0.239669,,,
C07770,C06883,0.237911,,,
C07770,C07661,0.204188,,,
C07770,C01918,0.177829,,,
C07770,C06973,0.177829,,,
C07770,D07908,0.176471,,,
C07770,C07321,0.153846,,,
C07770,C07660,0.153846,,,
C07770,C01675,0.142857,,,
C07770,C15643,0.138015,,,
C07770,C05349,0.137566,,,
C07770,C08092,0.12426,,,
C07770,C07268,0.122112,,,
C07770,C07663,0.118721,,,
C07770,C07225,0.11349,,,
C07770,C08146,0.111111,,,
C07770,C06573,0.097884,,,
C07770,C12012,0.097122,,,
C07770,C06838,0.095462,,,
C07770,C06914,0.091811,,,
C07770,C06912,0.086957,,,
C07770,C15820,0.078524,,,
C07770,C06689,0.06599,,,
C07770,C00397,0.05042,,,
C07770,C06688,0.047745,,,
C07770,C06820,0.043165,,,
C07770,C12013,0.035549,,,
C07771,C07771,1,,,
C07771,C07770,0.719457,,,
C07771,C05551,0.459627,,,
C07771,C06574,0.445783,,,
C07771,C06827,0.432749,,,
C07771,C07139,0.432749,,,
C07771,C06662,0.401515,,,
C07771,C06880,0.398964,,,
C07771,C06895,0.383285,,,
C07771,C06923,0.377551,,,
C07771,C08111,0.350711,,,
C07771,C06894,0.338384,,,
C07771,C08110,0.322751,,,
C07771,C14034,0.320346,,,
C07771,C08114,0.313131,,,
C07771,C06889,0.29979,,,
C07771,C06885,0.298077,,,
C07771,C06881,0.291866,,,
C07771,C06665,0.283582,,,
C07771,C06883,0.282051,,,
C07771,C06683,0.255144,,,
C07771,D02222,0.210654,,,
C07771,D03895,0.205674,,,
C07771,D07908,0.200828,,,
C07771,D00322,0.19171,,,
C07771,C05349,0.18932,,,
C07771,C07661,0.181818,,,
C07771,C07321,0.180556,,,
C07771,C07660,0.180556,,,
C07771,C06973,0.180124,,,
C07771,C07663,0.165254,,,
C07771,C07203,0.164384,,,
C07771,C01918,0.156187,,,
C07771,C07268,0.133144,,,
C07771,C07225,0.121857,,,
C07771,C08146,0.121495,,,
C07771,C15643,0.120507,,,
C07771,C01675,0.119221,,,
C07771,C08092,0.105528,,,
C07771,C06912,0.091954,,,
C07771,C06838,0.088825,,,
C07771,C12012,0.087662,,,
C07771,C15820,0.084011,,,
C07771,C06914,0.079914,,,
C07771,C06689,0.071429,,,
C07771,C06573,0.068427,,,
C07771,C01965,0.045131,,,
C07771,C00397,0.044776,,,
C07771,C06688,0.044226,,,
C07771,C12013,0.041667,,,
C07771,C06820,0.038961,,,
C07771,C07315,0.025641,,,
C08092,C08092,1,,,
C08092,C06914,0.340483,,,
C08092,C06894,0.295844,,,
C08092,C06885,0.288783,,,
C08092,C06895,0.263158,,,
C08092,C08114,0.25908,,,
C08092,D02222,0.256281,,,
C08092,C08110,0.246883,,,
C08092,C06880,0.227273,,,
C08092,C06881,0.22449,,,
C08092,D07908,0.215933,,,
C08092,C08111,0.210191,,,
C08092,C06573,0.199461,,,
C08092,D03895,0.194379,,,
C08092,C06820,0.19403,,,
C08092,C06683,0.193738,,,
C08092,C06889,0.190019,,,
C08092,C06912,0.1875,,,
C08092,C06883,0.186441,,,
C08092,C06688,0.185495,,,
C08092,C05551,0.183879,,,
C08092,C06574,0.179361,,,
C08092,C07225,0.178862,,,
C08092,C06827,0.17506,,,
C08092,C07139,0.17506,,,
C08092,C06665,0.174863,,,
C08092,C06973,0.163265,,,
C08092,C14034,0.157495,,,
C08092,C01675,0.155779,,,
C08092,C06838,0.155015,,,
C08092,C00397,0.154639,,,
C08092,C06923,0.153846,,,
C08092,C01918,0.151515,,,
C08092,C15643,0.142241,,,
C08092,C12012,0.141397,,,
C08092,C08146,0.140143,,,
C08092,C06662,0.12462,,,
C08092,C07770,0.12426,,,
C08092,C12013,0.111994,,,
C08092,C07663,0.111111,,,
C08092,C07771,0.105528,,,
C08092,C06689,0.090909,,,
C08092,C15820,0.089918,,,
C08092,C13768,0.059671,,,
C08092,C05349,0.058315,,,
C08092,C07321,0.055901,,,
C08092,C07660,0.053719,,,
C08092,C07661,0.033797,,,
C08110,C08110,1,,,
C08110,C06881,0.869159,,,
C08110,C08114,0.853035,,,
C08110,C06885,0.801802,,,
C08110,C08111,0.735537,,,
C08110,C06683,0.662531,,,
C08110,C06889,0.646489,,,
C08110,C06895,0.607143,,,
C08110,C06894,0.581769,,,
C08110,C07139,0.571429,,,
C08110,C06880,0.550388,,,
C08110,C06574,0.538462,,,
C08110,C06827,0.523546,,,
C08110,C05551,0.518625,,,
C08110,D02222,0.432225,,,
C08110,C06923,0.431981,,,
C08110,C06883,0.410019,,,
C08110,C14034,0.392931,,,
C08110,C07770,0.383648,,,
C08110,C06662,0.365079,,,
C08110,C07771,0.322751,,,
C08110,D07908,0.319588,,,
C08110,C06665,0.289474,,,
C08110,C08092,0.246883,,,
C08110,D03895,0.236443,,,
C08110,C07663,0.232323,,,
C08110,C07225,0.226054,,,
C08110,C12012,0.206612,,,
C08110,C07268,0.204188,,,
C08110,C06914,0.18896,,,
C08110,C01675,0.181818,,,
C08110,C15643,0.18,,,
C08110,C06973,0.171004,,,
C08110,C05349,0.165254,,,
C08110,C07321,0.158537,,,
C08110,C07660,0.158537,,,
C08110,C08146,0.156317,,,
C08110,C07661,0.155378,,,
C08110,C15820,0.147541,,,
C08110,C12013,0.125675,,,
C08110,C06689,0.125612,,,
C08110,C06820,0.11465,,,
C08110,C01965,0.101322,,,
C08110,C07203,0.098901,,,
C08110,C06838,0.093333,,,
C08110,D00322,0.087866,,,
C08110,C06688,0.085919,,,
C08110,C01918,0.073254,,,
C08110,C07315,0.069767,,,
C08110,C13768,0.05947,,,
C08110,C00397,0.045531,,,
C08110,C06573,0.041667,,,
C08110,C06912,0.037975,,,
C08111,C08111,1,,,
C08111,C08114,0.756757,,,
C08111,C06889,0.740139,,,
C08111,C08110,0.735537,,,
C08111,C06885,0.717949,,,
C08111,C06881,0.704835,,,
C08111,C06683,0.608696,,,
C08111,C06894,0.534884,,,
C08111,C06895,0.506173,,,
C08111,C06880,0.498881,,,
C08111,C06883,0.498195,,,
C08111,C07139,0.479714,,,
C08111,C14034,0.462451,,,
C08111,C06574,0.452381,,,
C08111,C06827,0.44186,,,
C08111,C05551,0.435407,,,
C08111,C06923,0.372951,,,
C08111,D02222,0.366594,,,
C08111,C07771,0.350711,,,
C08111,C07770,0.317829,,,
C08111,D07908,0.279279,,,
C08111,C06662,0.265823,,,
C08111,C06665,0.244444,,,
C08111,C07321,0.24031,,,
C08111,C07660,0.24031,,,
C08111,C07661,0.219512,,,
C08111,C05349,0.210938,,,
C08111,C08092,0.210191,,,
C08111,D03895,0.205273,,,
C08111,C07225,0.199324,,,
C08111,C12012,0.185185,,,
C08111,C07663,0.17851,,,
C08111,C07268,0.172566,,,
C08111,C08146,0.161905,,,
C08111,C01675,0.156863,,,
C08111,C06914,0.151737,,,
C08111,C06973,0.151316,,,
C08111,C15643,0.141869,,,
C08111,C06688,0.139535,,,
C08111,C15820,0.130952,,,
C08111,C01918,0.127214,,,
C08111,C12013,0.120059,,,
C08111,C06689,0.111963,,,
C08111,C01965,0.108949,,,
C08111,C06820,0.103152,,,
C08111,C06838,0.100124,,,
C08111,C07203,0.082949,,,
C08111,D00322,0.076642,,,
C08111,C07315,0.06,,,
C08111,C13768,0.05746,,,
C08111,C06912,0.047059,,,
C08111,C00397,0.040724,,,
C08111,C06573,0.038697,,,
C08114,C08114,1,,,
C08114,C06885,0.91358,,,
C08114,C08110,0.853035,,,
C08114,C06881,0.80758,,,
C08114,C08111,0.756757,,,
C08114,C06683,0.682927,,,
C08114,C06894,0.675824,,,
C08114,C06889,0.662708,,,
C08114,C06895,0.577465,,,
C08114,C06880,0.561713,,,
C08114,C07139,0.544715,,,
C08114,C06574,0.513514,,,
C08114,C06827,0.5,,,
C08114,C05551,0.494565,,,
C08114,C06883,0.42596,,,
C08114,C06923,0.415525,,,
C08114,D02222,0.411192,,,
C08114,C14034,0.38,,,
C08114,C07770,0.364985,,,
C08114,C07771,0.313131,,,
C08114,D07908,0.306931,,,
C08114,C06662,0.304348,,,
C08114,C06665,0.275,,,
C08114,C08092,0.25908,,,
C08114,C01965,0.232227,,,
C08114,C07663,0.22807,,,
C08114,D03895,0.226611,,,
C08114,C07225,0.217712,,,
C08114,C12012,0.2,,,
C08114,C07268,0.19403,,,
C08114,C01675,0.173913,,,
C08114,C06914,0.167002,,,
C08114,C06973,0.164875,,,
C08114,C05349,0.158537,,,
C08114,C15643,0.155303,,,
C08114,C06688,0.153846,,,
C08114,C07661,0.153846,,,
C08114,C07321,0.152344,,,
C08114,C07660,0.152344,,,
C08114,C08146,0.149897,,,
C08114,C15820,0.136767,,,
C08114,C06912,0.121495,,,
C08114,C06689,0.116427,,,
C08114,C12013,0.116139,,,
C08114,C06820,0.111111,,,
C08114,C06838,0.106719,,,
C08114,C07203,0.09375,,,
C08114,D00322,0.084337,,,
C08114,C01918,0.07084,,,
C08114,C07315,0.066667,,,
C08114,C13768,0.058882,,,
C08114,C00397,0.044046,,,
C08114,C06573,0.040773,,,
C08146,C08146,1,,,
C08146,C05349,0.402116,,,
C08146,C07321,0.375,,,
C08146,C07660,0.375,,,
C08146,C07661,0.365854,,,
C08146,C07663,0.337868,,,
C08146,C14034,0.315789,,,
C08146,C05551,0.281407,,,
C08146,C06574,0.27451,,,
C08146,C06923,0.266376,,,
C08146,C06883,0.256367,,,
C08146,C06895,0.256039,,,
C08146,C06662,0.220238,,,
C08146,C07225,0.218075,,,
C08146,C06827,0.212815,,,
C08146,D07908,0.208577,,,
C08146,C07268,0.195652,,,
C08146,C07203,0.194969,,,
C08146,C06665,0.192893,,,
C08146,C07139,0.188341,,,
C08146,C07770,0.186441,,,
C08146,C07315,0.182796,,,
C08146,C06683,0.179673,,,
C08146,C12012,0.171617,,,
C08146,C07771,0.165049,,,
C08146,C06688,0.163399,,,
C08146,D00322,0.162791,,,
C08146,C06973,0.161905,,,
C08146,C08111,0.161905,,,
C08146,C06914,0.158798,,,
C08146,C08110,0.156317,,,
C08146,C06894,0.153846,,,
C08146,C08114,0.149897,,,
C08146,C06881,0.143984,,,
C08146,C06885,0.143984,,,
C08146,C06838,0.142857,,,
C08146,C06889,0.141869,,,
C08146,C01965,0.140143,,,
C08146,C08092,0.129412,,,
C08146,C01918,0.117216,,,
C08146,C06689,0.115669,,,
C08146,D02222,0.113402,,,
C08146,C15643,0.106796,,,
C08146,C15820,0.098317,,,
C08146,C06880,0.090226,,,
C08146,C01675,0.079914,,,
C08146,C12013,0.077844,,,
C08146,C06820,0.075949,,,
C08146,C06912,0.06383,,,
C08146,C00397,0.061947,,,
C08146,D03895,0.057692,,,
C08146,C13768,0.040634,,,
C08146,C06573,0.028761,,,
C12012,C12012,1,,,
C12012,C07225,0.796009,,,
C12012,C06973,0.687764,,,
C12012,D07908,0.317073,,,
C12012,C14034,0.280488,,,
C12012,C06895,0.279279,,,
C12012,C06574,0.276978,,,
C12012,C05551,0.263538,,,
C12012,C06827,0.252174,,,
C12012,C15643,0.25,,,
C12012,D02222,0.231029,,,
C12012,C06883,0.228534,,,
C12012,C06894,0.217949,,,
C12012,C01675,0.210526,,,
C12012,C08110,0.206612,,,
C12012,C07663,0.205564,,,
C12012,C08114,0.2,,,
C12012,C06912,0.198547,,,
C12012,C06881,0.193798,,,
C12012,C06885,0.193798,,,
C12012,C06688,0.19337,,,
C12012,C06683,0.191489,,,
C12012,C07139,0.190083,,,
C12012,C06889,0.188811,,,
C12012,D03895,0.187801,,,
C12012,C08111,0.185185,,,
C12012,C05349,0.180328,,,
C12012,C06573,0.18019,,,
C12012,C06665,0.178571,,,
C12012,C08146,0.171617,,,
C12012,C06880,0.164902,,,
C12012,C06923,0.163142,,,
C12012,C01918,0.162791,,,
C12012,C06689,0.156716,,,
C12012,C08092,0.155172,,,
C12012,C07268,0.151737,,,
C12012,C06914,0.147799,,,
C12012,C06838,0.144509,,,
C12012,C06662,0.13852,,,
C12012,C12013,0.138268,,,
C12012,C07661,0.136364,,,
C12012,C15820,0.12865,,,
C12012,C07321,0.116139,,,
C12012,C07660,0.116139,,,
C12012,C01965,0.112957,,,
C12012,C06820,0.10828,,,
C12012,C07770,0.097122,,,
C12012,C07771,0.087662,,,
C12012,D00322,0.084906,,,
C12012,C00397,0.076294,,,
C12012,C07203,0.065421,,,
C12012,C07315,0.064189,,,
C12012,C13768,0.048535,,,
C12013,C12013,0.966667,,,
C12013,C13768,0.287846,,,
C12013,C06689,0.178904,,,
C12013,C06688,0.166989,,,
C12013,C06889,0.16262,,,
C12013,C14034,0.146822,,,
C12013,C06574,0.135647,,,
C12013,C05551,0.134921,,,
C12013,C06573,0.134273,,,
C12013,D02222,0.132661,,,
C12013,C12012,0.131944,,,
C12013,C06883,0.13002,,,
C12013,C06881,0.125281,,,
C12013,C06895,0.125,,,
C12013,C06894,0.12368,,,
C12013,C06923,0.123596,,,
C12013,C06827,0.122291,,,
C12013,C01675,0.119874,,,
C12013,C06885,0.116071,,,
C12013,D03895,0.115326,,,
C12013,D07908,0.115134,,,
C12013,C07225,0.112717,,,
C12013,C08110,0.106061,,,
C12013,C08114,0.104478,,,
C12013,C06683,0.100982,,,
C12013,C08111,0.100719,,,
C12013,C08092,0.098039,,,
C12013,C06914,0.09692,,,
C12013,C06820,0.093643,,,
C12013,C06880,0.089325,,,
C12013,C08146,0.085973,,,
C12013,C06973,0.083569,,,
C12013,C15820,0.073025,,,
C12013,C07321,0.068314,,,
C12013,C07660,0.068314,,,
C12013,C07661,0.067821,,,
C12013,C06665,0.067588,,,
C12013,C01965,0.06626,,,
C12013,C07139,0.066176,,,
C12013,C07315,0.064996,,,
C12013,C05349,0.064611,,,
C12013,C00397,0.062194,,,
C12013,C07663,0.060393,,,
C12013,C06912,0.053922,,,
C12013,D00322,0.04797,,,
C12013,C06662,0.043137,,,
C12013,C07771,0.041667,,,
C12013,C01918,0.041525,,,
C12013,C07770,0.035549,,,
C12013,C07203,0.028481,,,
C12013,C07268,0.027967,,,
C12013,C06838,0.021985,,,
C12013,C15643,0.013605,,,
C13768,C13768,0.760766,,,
C13768,C12013,0.320507,,,
C13768,D07908,0.092354,,,
C13768,C06573,0.081897,,,
C13768,D02222,0.078332,,,
C13768,C14034,0.077815,,,
C13768,C06688,0.077191,,,
C13768,C05551,0.07621,,,
C13768,C06883,0.07507,,,
C13768,C06820,0.074144,,,
C13768,C06689,0.067926,,,
C13768,C12012,0.065116,,,
C13768,C06895,0.063291,,,
C13768,C06574,0.062753,,,
C13768,C06827,0.062437,,,
C13768,C06665,0.061077,,,
C13768,C08110,0.061061,,,
C13768,C01675,0.060683,,,
C13768,C08114,0.060456,,,
C13768,C06894,0.060158,,,
C13768,C06914,0.06,,,
C13768,C06881,0.059863,,,
C13768,C06885,0.059863,,,
C13768,C08111,0.058994,,,
C13768,C06683,0.057875,,,
C13768,C06889,0.057602,,,
C13768,C06880,0.056751,,,
C13768,C06923,0.055718,,,
C13768,C08092,0.054788,,,
C13768,C08146,0.053688,,,
C13768,C07139,0.052369,,,
C13768,D03895,0.040547,,,
C13768,C06973,0.020503,,,
C13768,C07225,0.020408,,,
C13768,C00397,0.016791,,,
C13768,C01918,0.012015,,,
C14034,C14034,1,,,
C14034,C06883,0.750503,,,
C14034,C06574,0.662404,,,
C14034,C06827,0.641791,,,
C14034,C05551,0.636829,,,
C14034,C06895,0.600985,,,
C14034,C06923,0.501057,,,
C14034,C07139,0.5,,,
C14034,C08111,0.462451,,,
C14034,C06894,0.428571,,,
C14034,D07908,0.412429,,,
C14034,C08110,0.392931,,,
C14034,C08114,0.38,,,
C14034,C06885,0.365385,,,
C14034,C06881,0.362764,,,
C14034,C06889,0.362069,,,
C14034,C06880,0.357553,,,
C14034,C07770,0.3382,,,
C14034,C06683,0.322034,,,
C14034,C07771,0.320346,,,
C14034,C08146,0.315789,,,
C14034,C06914,0.290944,,,
C14034,C07321,0.271028,,,
C14034,C07660,0.271028,,,
C14034,D02222,0.268939,,,
C14034,C05349,0.259542,,,
C14034,C07663,0.25,,,
C14034,C12012,0.246291,,,
C14034,C06973,0.243697,,,
C14034,C07661,0.243243,,,
C14034,C06662,0.241379,,,
C14034,C06665,0.234568,,,
C14034,C15820,0.212389,,,
C14034,C07225,0.207729,,,
C14034,D03895,0.201413,,,
C14034,C07268,0.197479,,,
C14034,C15643,0.196581,,,
C14034,C06688,0.194379,,,
C14034,C06689,0.19391,,,
C14034,C01918,0.185897,,,
C14034,C01675,0.158088,,,
C14034,C08092,0.157495,,,
C14034,C12013,0.153564,,,
C14034,C01965,0.13806,,,
C14034,C07315,0.11546,,,
C14034,D00322,0.101399,,,
C14034,C06820,0.100543,,,
C14034,C06573,0.076142,,,
C14034,C06912,0.068966,,,
C14034,C06838,0.066514,,,
C14034,C13768,0.057373,,,
C14034,C00397,0.038407,,,
C14034,C07203,0.02,,,
C15643,C15643,1,,,
C15643,C07225,0.293436,,,
C15643,C00397,0.272016,,,
C15643,C12012,0.268781,,,
C15643,C06838,0.257396,,,
C15643,C06912,0.24269,,,
C15643,C06574,0.228448,,,
C15643,C06827,0.223629,,,
C15643,C06820,0.218698,,,
C15643,C01918,0.217712,,,
C15643,C06573,0.212871,,,
C15643,C06973,0.202186,,,
C15643,C06895,0.189979,,,
C15643,C06914,0.189516,,,
C15643,D02222,0.189516,,,
C15643,C06662,0.18863,,,
C15643,C06923,0.186441,,,
C15643,C07139,0.183673,,,
C15643,C14034,0.182432,,,
C15643,C08110,0.18,,,
C15643,D03895,0.176471,,,
C15643,C05551,0.174004,,,
C15643,C06881,0.166667,,,
C15643,C06665,0.165919,,,
C15643,D07908,0.163194,,,
C15643,C08092,0.157205,,,
C15643,C08114,0.155303,,,
C15643,C06894,0.152416,,,
C15643,C06885,0.149635,,,
C15643,C06688,0.149144,,,
C15643,C08111,0.141869,,,
C15643,C07770,0.138015,,,
C15643,C06683,0.132686,,,
C15643,C07663,0.130742,,,
C15643,C06889,0.130573,,,
C15643,C06883,0.130186,,,
C15643,C06880,0.120996,,,
C15643,C07771,0.120507,,,
C15643,C06689,0.108491,,,
C15643,C01675,0.097804,,,
C15643,C15820,0.091371,,,
C15643,C08146,0.087786,,,
C15643,C07661,0.070175,,,
C15643,C07321,0.052632,,,
C15643,C07660,0.052632,,,
C15643,C05349,0.048825,,,
C15643,C07203,0.043689,,,
C15643,C07268,0.020833,,,
C15643,C12013,0.013605,,,
C15820,C15820,0.864891,,,
C15820,C06689,0.458626,,,
C15820,C14034,0.234234,,,
C15820,C06923,0.221805,,,
C15820,C06827,0.220703,,,
C15820,C06883,0.218698,,,
C15820,C06574,0.177588,,,
C15820,C06895,0.176471,,,
C15820,D07908,0.169284,,,
C15820,C05551,0.169202,,,
C15820,C08110,0.158088,,,
C15820,D02222,0.158088,,,
C15820,C07139,0.155268,,,
C15820,C07661,0.153153,,,
C15820,C08114,0.146953,,,
C15820,C06894,0.146667,,,
C15820,C06885,0.144366,,,
C15820,C07225,0.141397,,,
C15820,C08111,0.140652,,,
C15820,D03895,0.136974,,,
C15820,C06880,0.133391,,,
C15820,C15643,0.131579,,,
C15820,C12012,0.131329,,,
C15820,C06573,0.130137,,,
C15820,C06973,0.123311,,,
C15820,C06881,0.122625,,,
C15820,C06889,0.12104,,,
C15820,C06683,0.119281,,,
C15820,C01675,0.11824,,,
C15820,C01965,0.116279,,,
C15820,C06838,0.116006,,,
C15820,C07663,0.110169,,,
C15820,C05349,0.102293,,,
C15820,C07321,0.10052,,,
C15820,C07660,0.10052,,,
C15820,C08146,0.098317,,,
C15820,C06914,0.0947,,,
C15820,C01918,0.091954,,,
C15820,C06688,0.090786,,,
C15820,C07268,0.090226,,,
C15820,C07315,0.090226,,,
C15820,C08092,0.089918,,,
C15820,C06662,0.088632,,,
C15820,C06665,0.084777,,,
C15820,C07771,0.084011,,,
C15820,C00397,0.083744,,,
C15820,C12013,0.082164,,,
C15820,C07770,0.078524,,,
C15820,C06912,0.074965,,,
C15820,D00322,0.06087,,,
C15820,C06820,0.033973,,,
D00322,D00322,1,,,
D00322,C05349,0.262376,,,
D00322,C01965,0.233244,,,
D00322,C06827,0.220096,,,
D00322,C07771,0.216931,,,
D00322,C07321,0.215596,,,
D00322,C07660,0.215596,,,
D00322,C07661,0.210762,,,
D00322,C07663,0.197479,,,
D00322,C07203,0.192053,,,
D00322,C06923,0.178947,,,
D00322,C08146,0.162791,,,
D00322,C05551,0.134259,,,
D00322,C06574,0.131222,,,
D00322,C06895,0.131222,,,
D00322,C07315,0.129032,,,
D00322,C06883,0.128527,,,
D00322,C06894,0.124744,,,
D00322,C06880,0.111111,,,
D00322,D07908,0.109057,,,
D00322,C06973,0.109023,,,
D00322,C14034,0.101399,,,
D00322,C07268,0.099476,,,
D00322,C06688,0.091593,,,
D00322,C06889,0.09029,,,
D00322,C08110,0.087866,,,
D00322,C07225,0.086957,,,
D00322,C12012,0.084906,,,
D00322,C08114,0.084337,,,
D00322,C06881,0.081081,,,
D00322,C06885,0.081081,,,
D00322,C08111,0.076642,,,
D00322,C07139,0.0625,,,
D00322,C15820,0.06087,,,
D00322,C06683,0.060606,,,
D00322,C06689,0.055118,,,
D00322,C12013,0.04797,,,
D02222,D02222,1,,,
D02222,D03895,0.764706,,,
D02222,D07908,0.715818,,,
D02222,C06665,0.655405,,,
D02222,C06574,0.47541,,,
D02222,C06827,0.462766,,,
D02222,C05551,0.456044,,,
D02222,C06895,0.455526,,,
D02222,C08110,0.432225,,,
D02222,C08114,0.411192,,,
D02222,C06894,0.398104,,,
D02222,C07139,0.395939,,,
D02222,C06881,0.392111,,,
D02222,C06885,0.392111,,,
D02222,C08111,0.366594,,,
D02222,C06923,0.357466,,,
D02222,C06880,0.342282,,,
D02222,C06683,0.337325,,,
D02222,C01675,0.333333,,,
D02222,C06889,0.330724,,,
D02222,C06914,0.311475,,,
D02222,C14034,0.268939,,,
D02222,C06973,0.257485,,,
D02222,C06662,0.25731,,,
D02222,C08092,0.256281,,,
D02222,C07770,0.246459,,,
D02222,C06820,0.225919,,,
D02222,C12012,0.224832,,,
D02222,C06883,0.219904,,,
D02222,C07771,0.210654,,,
D02222,C15643,0.209016,,,
D02222,C00397,0.203883,,,
D02222,C07225,0.191806,,,
D02222,C06838,0.181556,,,
D02222,C06912,0.169757,,,
D02222,C01918,0.162362,,,
D02222,C15820,0.158088,,,
D02222,C07663,0.155303,,,
D02222,C06688,0.150442,,,
D02222,C07661,0.143984,,,
D02222,C12013,0.140625,,,
D02222,C06573,0.140456,,,
D02222,C08146,0.132075,,,
D02222,C05349,0.129363,,,
D02222,C06689,0.114701,,,
D02222,C07321,0.087786,,,
D02222,C07660,0.087786,,,
D02222,C07268,0.08747,,,
D02222,C13768,0.073961,,,
D03895,D03895,1,,,
D03895,D02222,0.764706,,,
D03895,D07908,0.616915,,,
D03895,C06665,0.552795,,,
D03895,C01675,0.315136,,,
D03895,C06914,0.272321,,,
D03895,C05551,0.267606,,,
D03895,C06574,0.261468,,,
D03895,C06827,0.255605,,,
D03895,C07139,0.255605,,,
D03895,C06662,0.25,,,
D03895,C06895,0.247166,,,
D03895,C07225,0.240458,,,
D03895,C07770,0.239669,,,
D03895,C08110,0.236443,,,
D03895,C06923,0.229839,,,
D03895,C12012,0.227197,,,
D03895,C08114,0.226611,,,
D03895,C06894,0.221996,,,
D03895,C06880,0.217565,,,
D03895,C06881,0.217565,,,
D03895,C06885,0.217565,,,
D03895,C07771,0.205674,,,
D03895,C08111,0.205273,,,
D03895,C14034,0.201413,,,
D03895,C06820,0.193277,,,
D03895,C06683,0.190893,,,
D03895,C06889,0.187608,,,
D03895,C15643,0.176471,,,
D03895,C06973,0.165756,,,
D03895,C06883,0.164902,,,
D03895,C06912,0.160839,,,
D03895,C07315,0.154791,,,
D03895,C07663,0.152416,,,
D03895,C01918,0.144902,,,
D03895,C06573,0.141498,,,
D03895,C07661,0.141199,,,
D03895,C08092,0.138393,,,
D03895,C15820,0.136974,,,
D03895,C00397,0.129032,,,
D03895,C05349,0.126761,,,
D03895,C06838,0.126187,,,
D03895,C06689,0.113782,,,
D03895,C07321,0.086142,,,
D03895,C07660,0.086142,,,
D03895,C12013,0.085672,,,
D03895,C07268,0.08545,,,
D03895,C06688,0.069767,,,
D03895,C08146,0.057692,,,
D03895,C13768,0.053934,,,
D07908,D07908,1,,,
D07908,D02222,0.715818,,,
D07908,D03895,0.616915,,,
D07908,C06665,0.515957,,,
D07908,C06574,0.515892,,,
D07908,C06827,0.5,,,
D07908,C06895,0.497585,,,
D07908,C05551,0.495098,,,
D07908,C06923,0.468683,,,
D07908,C07139,0.441648,,,
D07908,C01675,0.428571,,,
D07908,C06881,0.368209,,,
D07908,C06889,0.366906,,,
D07908,C06894,0.353535,,,
D07908,C14034,0.346499,,,
D07908,C06883,0.339713,,,
D07908,C06973,0.332083,,,
D07908,C07225,0.330869,,,
D07908,C08110,0.319588,,,
D07908,C07663,0.309298,,,
D07908,C08114,0.306931,,,
D07908,C06885,0.295238,,,
D07908,C06880,0.292776,,,
D07908,C08111,0.279279,,,
D07908,C06914,0.264822,,,
D07908,C06683,0.260504,,,
D07908,C12012,0.246154,,,
D07908,C08146,0.22288,,,
D07908,C06688,0.219212,,,
D07908,C08092,0.215933,,,
D07908,C06662,0.208531,,,
D07908,C07661,0.202186,,,
D07908,C06820,0.196319,,,
D07908,C15643,0.179577,,,
D07908,C07268,0.179039,,,
D07908,C07771,0.178862,,,
D07908,C00397,0.176471,,,
D07908,C07770,0.176471,,,
D07908,C05349,0.173184,,,
D07908,C06689,0.163347,,,
D07908,C15820,0.151203,,,
D07908,C07321,0.14841,,,
D07908,C07660,0.14841,,,
D07908,C01918,0.141479,,,
D07908,C12013,0.138211,,,
D07908,C06912,0.136364,,,
D07908,C06573,0.128149,,,
D07908,C06838,0.123596,,,
D07908,D00322,0.109057,,,
D07908,C01965,0.102662,,,
D07908,C07315,0.102041,,,
D07908,C07203,0.078652,,,
D07908,C13768,0.075269,,,
,,,,,
